read_name	scientific_name
human_1_219_0:0:0_1:0:0_22a/1	Homo sapiens
rhesus_1_212_1:0:0_0:0:0_136/1	Macaca mulatta
human_1_219_0:0:0_1:0:0_2d7/1	Homo sapiens
human_1_219_0:0:0_0:0:0_60/1	Homo sapiens
rhesus_1_212_0:0:0_0:0:0_f5/1	Macaca mulatta
human_1_219_0:0:0_1:0:0_466/1	Homo sapiens
human_1_219_2:0:0_1:0:0_4ab/1	Homo sapiens
human_1_219_0:0:0_1:0:0_138/1	Homo sapiens
human_1_219_0:0:0_1:0:0_24/1	Homo sapiens
human_1_219_1:0:0_0:0:0_ee/1	Homo sapiens
human_1_219_0:0:0_0:0:0_4c0/1	Homo sapiens
cynomolgus_1_212_0:0:0_0:0:0_0/1	Macaca fascicularis
human_1_219_0:0:0_0:0:0_139/1	Homo sapiens
human_1_219_0:0:0_0:0:0_56/1	Homo sapiens
human_1_219_0:0:0_1:0:0_31a/1	Homo sapiens
rhesus_1_212_0:0:0_1:0:0_5e/1	Macaca mulatta
cynomolgus_1_212_0:0:0_0:0:0_31/1	Macaca fascicularis
human_1_219_1:0:0_0:0:0_521/1	Homo sapiens
rhesus_1_212_0:0:0_0:0:0_a5/1	Macaca mulatta
human_1_219_0:0:0_0:0:0_4b7/1	Homo sapiens
human_1_219_1:0:0_0:0:0_411/1	Homo sapiens
human_1_219_0:0:0_0:0:0_f7/1	Homo sapiens
human_1_219_0:0:0_0:0:0_18a/1	Homo sapiens
human_1_219_0:0:0_0:0:0_b8/1	Homo sapiens
human_1_219_0:0:0_0:0:0_500/1	Homo sapiens
rhesus_1_212_2:0:0_0:0:0_133/1	Macaca mulatta
human_1_219_0:0:0_1:0:0_45a/1	Homo sapiens
human_1_219_0:0:0_0:0:0_28c/1	Homo sapiens
human_1_219_0:0:0_0:0:0_2/1	Homo sapiens
human_1_219_0:0:0_0:0:0_2e5/1	Homo sapiens
human_1_219_0:0:0_0:0:0_539/1	Homo sapiens
human_1_219_0:0:0_0:0:0_17a/1	Homo sapiens
cynomolgus_1_212_0:0:0_2:0:0_48/1	Macaca fascicularis
human_1_219_0:0:0_0:0:0_148/1	Homo sapiens
human_1_219_1:0:0_1:0:0_3d2/1	Homo sapiens
human_1_219_0:0:0_2:0:0_c6/1	Homo sapiens
human_1_219_1:0:0_2:0:0_49d/1	Homo sapiens
human_1_219_1:0:0_0:0:0_3a8/1	Homo sapiens
human_1_219_0:0:0_0:0:0_14a/1	Homo sapiens
human_1_219_0:0:0_0:0:0_3b6/1	Homo sapiens
human_1_219_1:0:0_0:0:0_43b/1	Homo sapiens
rhesus_1_212_2:0:0_1:0:0_21/1	Macaca mulatta
human_1_219_0:0:0_0:0:0_4a0/1	Homo sapiens
human_1_219_0:0:0_0:0:0_270/1	Homo sapiens
human_1_219_1:0:0_2:0:0_5e/1	Homo sapiens
human_1_219_1:0:0_0:0:0_417/1	Homo sapiens
human_1_219_1:0:0_0:0:0_3e4/1	Homo sapiens
human_1_219_1:0:0_2:0:0_301/1	Homo sapiens
human_1_219_0:0:0_1:0:0_2c/1	Homo sapiens
rhesus_1_212_0:0:0_0:0:0_5/1	Macaca mulatta
human_1_219_0:0:0_0:0:0_3c9/1	Homo sapiens
human_1_219_0:0:0_1:0:0_39b/1	Homo sapiens
human_1_219_0:0:0_0:0:0_210/1	Homo sapiens
rhesus_1_212_0:0:0_1:0:0_8d/1	Macaca mulatta
human_1_219_1:0:0_1:0:0_472/1	Homo sapiens
human_1_219_1:0:0_0:0:0_162/1	Homo sapiens
human_1_219_0:0:0_0:0:0_214/1	Homo sapiens
human_1_219_1:0:0_0:0:0_50a/1	Homo sapiens
human_1_219_1:0:0_1:0:0_2a7/1	Homo sapiens
human_1_219_0:0:0_1:0:0_4e6/1	Homo sapiens
human_1_219_2:0:0_1:0:0_151/1	Homo sapiens
human_1_219_0:0:0_1:0:0_39e/1	Homo sapiens
human_1_219_1:0:0_0:0:0_502/1	Homo sapiens
human_1_219_0:0:0_0:0:0_2ac/1	Homo sapiens
human_1_219_0:0:0_0:0:0_20b/1	Homo sapiens
human_1_219_1:0:0_2:0:0_46f/1	Homo sapiens
human_1_219_0:0:0_0:0:0_1f5/1	Homo sapiens
rhesus_1_212_1:0:0_0:0:0_18a/1	Macaca mulatta
rhesus_1_212_1:0:0_0:0:0_16a/1	Macaca mulatta
human_1_219_1:0:0_1:0:0_101/1	Homo sapiens
cynomolgus_1_212_1:0:0_0:0:0_b/1	Macaca fascicularis
human_1_219_1:0:0_3:0:0_4fb/1	Homo sapiens
human_1_219_0:0:0_0:0:0_22b/1	Homo sapiens
human_1_219_0:0:0_1:0:0_42d/1	Homo sapiens
human_1_219_1:0:0_0:0:0_4b8/1	Homo sapiens
rhesus_1_212_1:0:0_2:0:0_39/1	Macaca mulatta
human_1_219_0:0:0_2:0:0_13/1	Homo sapiens
cynomolgus_1_212_0:0:0_0:0:0_44/1	Macaca fascicularis
human_1_219_1:0:0_0:0:0_1fd/1	Homo sapiens
rhesus_1_212_0:0:0_1:0:0_ea/1	Macaca mulatta
human_1_219_0:0:0_2:0:0_449/1	Homo sapiens
human_1_219_0:0:0_0:0:0_2a3/1	Homo sapiens
human_1_219_0:0:0_0:0:0_179/1	Homo sapiens
human_1_219_0:0:0_0:0:0_9a/1	Homo sapiens
rhesus_1_212_1:0:0_1:0:0_101/1	Macaca mulatta
human_1_219_1:0:0_0:0:0_2ce/1	Homo sapiens
human_1_219_0:0:0_2:0:0_1e1/1	Homo sapiens
human_1_219_0:0:0_0:0:0_3ae/1	Homo sapiens
human_1_219_1:0:0_1:0:0_448/1	Homo sapiens
human_1_219_1:0:0_0:0:0_519/1	Homo sapiens
human_1_219_0:0:0_0:0:0_532/1	Homo sapiens
human_1_219_1:0:0_2:0:0_483/1	Homo sapiens
human_1_219_0:0:0_0:0:0_572/1	Homo sapiens
human_1_219_0:0:0_1:0:0_80/1	Homo sapiens
human_1_219_0:0:0_1:0:0_114/1	Homo sapiens
human_1_219_0:0:0_0:0:0_379/1	Homo sapiens
human_1_219_0:0:0_0:0:0_122/1	Homo sapiens
human_1_219_0:0:0_0:0:0_df/1	Homo sapiens
human_1_219_0:0:0_1:0:0_52/1	Homo sapiens
human_1_219_0:0:0_0:0:0_43e/1	Homo sapiens
rhesus_1_212_0:0:0_1:0:0_f/1	Macaca mulatta
human_1_219_0:0:0_0:0:0_ac/1	Homo sapiens
human_1_219_1:0:0_0:0:0_4ff/1	Homo sapiens
human_1_219_1:0:0_0:0:0_ec/1	Homo sapiens
human_1_219_0:0:0_0:0:0_575/1	Homo sapiens
human_1_219_2:0:0_1:0:0_3b/1	Homo sapiens
human_1_219_0:0:0_1:0:0_c9/1	Homo sapiens
human_1_219_0:0:0_0:0:0_54c/1	Homo sapiens
human_1_219_0:0:0_0:0:0_280/1	Homo sapiens
human_1_219_0:0:0_0:0:0_3/1	Homo sapiens
human_1_219_0:0:0_1:0:0_c0/1	Homo sapiens
human_1_219_1:0:0_0:0:0_44f/1	Homo sapiens
human_1_219_0:0:0_0:0:0_83/1	Homo sapiens
human_1_219_2:0:0_0:0:0_50e/1	Homo sapiens
human_1_219_0:0:0_1:0:0_2f9/1	Homo sapiens
human_1_219_0:0:0_0:0:0_299/1	Homo sapiens
human_1_219_2:0:0_1:0:0_173/1	Homo sapiens
rhesus_1_212_0:0:0_0:0:0_a1/1	Macaca mulatta
cynomolgus_1_212_1:0:0_1:0:0_16/1	Macaca fascicularis
rhesus_1_212_0:0:0_0:0:0_13/1	Macaca mulatta
human_1_219_0:0:0_2:0:0_4df/1	Homo sapiens
human_1_219_0:0:0_1:0:0_b7/1	Homo sapiens
human_1_219_3:0:0_1:0:0_3e/1	Homo sapiens
human_1_219_1:0:0_0:0:0_346/1	Homo sapiens
human_1_219_1:0:0_0:0:0_f8/1	Homo sapiens
rhesus_1_212_1:0:0_0:0:0_1da/1	Macaca mulatta
human_1_219_0:0:0_2:0:0_d2/1	Homo sapiens
cynomolgus_1_212_0:0:0_0:0:0_40/1	Macaca fascicularis
human_1_219_0:0:0_0:0:0_141/1	Homo sapiens
rhesus_1_212_0:0:0_0:0:0_1b0/1	Macaca mulatta
human_1_219_0:0:0_0:0:0_63/1	Homo sapiens
human_1_219_0:0:0_1:0:0_2db/1	Homo sapiens
human_1_219_0:0:0_0:0:0_ba/1	Homo sapiens
rhesus_1_212_2:0:0_1:0:0_1ea/1	Macaca mulatta
human_1_219_0:0:0_0:0:0_113/1	Homo sapiens
rhesus_1_212_1:0:0_1:0:0_112/1	Macaca mulatta
rhesus_1_212_0:0:0_0:0:0_5c/1	Macaca mulatta
human_1_219_0:0:0_0:0:0_4f4/1	Homo sapiens
human_1_219_0:0:0_1:0:0_249/1	Homo sapiens
human_1_219_1:0:0_0:0:0_49b/1	Homo sapiens
human_1_219_0:0:0_0:0:0_156/1	Homo sapiens
rhesus_1_212_0:0:0_0:0:0_c3/1	Macaca mulatta
human_1_219_2:0:0_0:0:0_2e7/1	Homo sapiens
human_1_219_0:0:0_0:0:0_1ad/1	Homo sapiens
human_1_219_1:0:0_1:0:0_407/1	Homo sapiens
human_1_219_0:0:0_1:0:0_56c/1	Homo sapiens
rhesus_1_212_0:0:0_0:0:0_1/1	Macaca mulatta
human_1_219_1:0:0_0:0:0_2ef/1	Homo sapiens
human_1_219_0:0:0_0:0:0_ce/1	Homo sapiens
human_1_219_1:0:0_1:0:0_529/1	Homo sapiens
rhesus_1_212_0:0:0_1:0:0_196/1	Macaca mulatta
human_1_219_0:0:0_0:0:0_52e/1	Homo sapiens
human_1_219_0:0:0_1:0:0_38a/1	Homo sapiens
rhesus_1_212_1:0:0_2:0:0_31/1	Macaca mulatta
rhesus_1_212_3:0:0_1:0:0_13d/1	Macaca mulatta
human_1_219_0:0:0_1:0:0_1b1/1	Homo sapiens
human_1_219_2:0:0_0:0:0_1f4/1	Homo sapiens
rhesus_1_212_1:0:0_0:0:0_9a/1	Macaca mulatta
rhesus_1_212_0:0:0_0:0:0_46/1	Macaca mulatta
human_1_219_0:0:0_0:0:0_3cb/1	Homo sapiens
rhesus_1_212_1:0:0_0:0:0_aa/1	Macaca mulatta
human_1_219_1:0:0_0:0:0_29e/1	Homo sapiens
rhesus_1_212_1:0:0_0:0:0_26/1	Macaca mulatta
human_1_219_1:0:0_0:0:0_31b/1	Homo sapiens
human_1_219_0:0:0_0:0:0_13a/1	Homo sapiens
human_1_219_0:0:0_0:0:0_dd/1	Homo sapiens
rhesus_1_212_2:0:0_1:0:0_103/1	Macaca mulatta
human_1_219_1:0:0_1:0:0_341/1	Homo sapiens
rhesus_1_212_0:0:0_0:0:0_1db/1	Macaca mulatta
rhesus_1_212_0:0:0_0:0:0_104/1	Macaca mulatta
human_1_219_0:0:0_0:0:0_2f8/1	Homo sapiens
human_1_219_1:0:0_0:0:0_364/1	Homo sapiens
rhesus_1_212_1:0:0_0:0:0_16f/1	Macaca mulatta
human_1_219_0:0:0_0:0:0_3fc/1	Homo sapiens
human_1_219_0:0:0_0:0:0_fb/1	Homo sapiens
human_1_219_0:0:0_0:0:0_1ab/1	Homo sapiens
rhesus_1_212_0:0:0_0:0:0_c6/1	Macaca mulatta
rhesus_1_212_0:0:0_0:0:0_4b/1	Macaca mulatta
human_1_219_0:0:0_0:0:0_145/1	Homo sapiens
human_1_219_0:0:0_1:0:0_46b/1	Homo sapiens
human_1_219_1:0:0_0:0:0_190/1	Homo sapiens
rhesus_1_212_0:0:0_0:0:0_18b/1	Macaca mulatta
human_1_219_1:0:0_0:0:0_290/1	Homo sapiens
human_1_219_0:0:0_0:0:0_558/1	Homo sapiens
human_1_219_0:0:0_2:0:0_1d7/1	Homo sapiens
human_1_219_0:0:0_0:0:0_386/1	Homo sapiens
human_1_219_0:0:0_0:0:0_308/1	Homo sapiens
human_1_219_1:0:0_1:0:0_227/1	Homo sapiens
rhesus_1_212_0:0:0_0:0:0_37/1	Macaca mulatta
rhesus_1_212_0:0:0_0:0:0_40/1	Macaca mulatta
rhesus_1_212_1:0:0_0:0:0_bf/1	Macaca mulatta
human_1_219_0:0:0_0:0:0_326/1	Homo sapiens
human_1_219_0:0:0_0:0:0_33/1	Homo sapiens
human_1_219_0:0:0_0:0:0_55b/1	Homo sapiens
rhesus_1_212_0:0:0_0:0:0_1ce/1	Macaca mulatta
rhesus_1_212_0:0:0_0:0:0_e3/1	Macaca mulatta
rhesus_1_212_0:0:0_0:0:0_143/1	Macaca mulatta
human_1_219_1:0:0_1:0:0_119/1	Homo sapiens
human_1_219_2:0:0_1:0:0_58/1	Homo sapiens
human_1_219_0:0:0_1:0:0_1bf/1	Homo sapiens
rhesus_1_212_1:0:0_0:0:0_123/1	Macaca mulatta
rhesus_1_212_0:0:0_1:0:0_7a/1	Macaca mulatta
human_1_219_0:0:0_0:0:0_403/1	Homo sapiens
rhesus_1_212_0:0:0_2:0:0_c2/1	Macaca mulatta
rhesus_1_212_0:0:0_1:0:0_10e/1	Macaca mulatta
cynomolgus_1_212_1:0:0_0:0:0_28/1	Macaca fascicularis
human_1_219_1:0:0_1:0:0_ea/1	Homo sapiens
human_1_219_0:0:0_1:0:0_2b1/1	Homo sapiens
human_1_219_1:0:0_0:0:0_37a/1	Homo sapiens
human_1_219_0:0:0_1:0:0_380/1	Homo sapiens
human_1_219_3:0:0_0:0:0_518/1	Homo sapiens
cynomolgus_1_212_0:0:0_0:0:0_15/1	Macaca fascicularis
human_1_219_1:0:0_1:0:0_476/1	Homo sapiens
human_1_219_0:0:0_0:0:0_150/1	Homo sapiens
rhesus_1_212_1:0:0_0:0:0_cf/1	Macaca mulatta
cynomolgus_1_212_0:0:0_1:0:0_35/1	Macaca fascicularis
rhesus_1_212_0:0:0_0:0:0_41/1	Macaca mulatta
rhesus_1_212_0:0:0_1:0:0_ac/1	Macaca mulatta
rhesus_1_212_1:0:0_3:0:0_174/1	Macaca mulatta
rhesus_1_212_1:0:0_2:0:0_1b8/1	Macaca mulatta
rhesus_1_212_0:0:0_0:0:0_9/1	Macaca mulatta
human_1_219_0:0:0_0:0:0_20e/1	Homo sapiens
human_1_219_2:0:0_1:0:0_47b/1	Homo sapiens
human_1_219_0:0:0_1:0:0_1f2/1	Homo sapiens
human_1_219_0:0:0_0:0:0_3ce/1	Homo sapiens
cynomolgus_1_212_2:0:0_0:0:0_4/1	Macaca fascicularis
human_1_219_0:0:0_0:0:0_53e/1	Homo sapiens
human_1_219_0:0:0_1:0:0_4a6/1	Homo sapiens
human_1_219_0:0:0_0:0:0_ae/1	Homo sapiens
human_1_219_0:0:0_0:0:0_189/1	Homo sapiens
human_1_219_1:0:0_0:0:0_a0/1	Homo sapiens
cynomolgus_1_212_1:0:0_1:0:0_32/1	Macaca fascicularis
human_1_219_2:0:0_0:0:0_166/1	Homo sapiens
human_1_219_0:0:0_0:0:0_19f/1	Homo sapiens
human_1_219_0:0:0_1:0:0_479/1	Homo sapiens
rhesus_1_212_3:0:0_0:0:0_1de/1	Macaca mulatta
human_1_219_0:0:0_1:0:0_4e2/1	Homo sapiens
rhesus_1_212_0:0:0_0:0:0_2c/1	Macaca mulatta
rhesus_1_212_0:0:0_1:0:0_a2/1	Macaca mulatta
human_1_219_0:0:0_1:0:0_45c/1	Homo sapiens
human_1_219_0:0:0_0:0:0_124/1	Homo sapiens
human_1_219_0:0:0_1:0:0_4ce/1	Homo sapiens
rhesus_1_212_1:0:0_0:0:0_1f1/1	Macaca mulatta
human_1_219_1:0:0_0:0:0_55a/1	Homo sapiens
human_1_219_1:0:0_1:0:0_40a/1	Homo sapiens
human_1_219_0:0:0_0:0:0_50b/1	Homo sapiens
rhesus_1_212_0:0:0_1:0:0_1d0/1	Macaca mulatta
human_1_219_1:0:0_2:0:0_4aa/1	Homo sapiens
human_1_219_0:0:0_0:0:0_2bc/1	Homo sapiens
human_1_219_0:0:0_0:0:0_79/1	Homo sapiens
human_1_219_0:0:0_0:0:0_44a/1	Homo sapiens
rhesus_1_212_0:0:0_1:0:0_156/1	Macaca mulatta
human_1_219_1:0:0_0:0:0_1/1	Homo sapiens
human_1_219_0:0:0_0:0:0_18c/1	Homo sapiens
human_1_219_0:0:0_0:0:0_555/1	Homo sapiens
human_1_219_1:0:0_0:0:0_414/1	Homo sapiens
human_1_219_1:0:0_0:0:0_2a2/1	Homo sapiens
rhesus_1_212_1:0:0_0:0:0_15b/1	Macaca mulatta
human_1_219_0:0:0_0:0:0_489/1	Homo sapiens
rhesus_1_212_1:0:0_0:0:0_114/1	Macaca mulatta
human_1_219_1:0:0_0:0:0_b4/1	Homo sapiens
rhesus_1_212_1:0:0_0:0:0_38/1	Macaca mulatta
human_1_219_0:0:0_0:0:0_ad/1	Homo sapiens
human_1_219_0:0:0_0:0:0_381/1	Homo sapiens
rhesus_1_212_1:0:0_1:0:0_68/1	Macaca mulatta
human_1_219_1:0:0_0:0:0_3f9/1	Homo sapiens
rhesus_1_212_0:0:0_0:0:0_117/1	Macaca mulatta
human_1_219_2:0:0_0:0:0_276/1	Homo sapiens
rhesus_1_212_1:0:0_0:0:0_122/1	Macaca mulatta
rhesus_1_212_0:0:0_0:0:0_1b3/1	Macaca mulatta
rhesus_1_212_0:0:0_0:0:0_1aa/1	Macaca mulatta
human_1_219_0:0:0_2:0:0_525/1	Homo sapiens
human_1_219_0:0:0_1:0:0_93/1	Homo sapiens
human_1_219_0:0:0_0:0:0_40e/1	Homo sapiens
human_1_219_1:0:0_0:0:0_48a/1	Homo sapiens
human_1_219_0:0:0_0:0:0_37f/1	Homo sapiens
rhesus_1_212_0:0:0_0:0:0_161/1	Macaca mulatta
human_1_219_0:0:0_1:0:0_2df/1	Homo sapiens
human_1_219_0:0:0_1:0:0_233/1	Homo sapiens
human_1_219_1:0:0_0:0:0_225/1	Homo sapiens
rhesus_1_212_1:0:0_0:0:0_89/1	Macaca mulatta
human_1_219_0:0:0_0:0:0_20f/1	Homo sapiens
human_1_219_1:0:0_1:0:0_4f7/1	Homo sapiens
rhesus_1_212_1:0:0_0:0:0_1c9/1	Macaca mulatta
rhesus_1_212_0:0:0_0:0:0_188/1	Macaca mulatta
human_1_219_0:0:0_0:0:0_95/1	Homo sapiens
human_1_219_0:0:0_0:0:0_29f/1	Homo sapiens
rhesus_1_212_1:0:0_0:0:0_d6/1	Macaca mulatta
rhesus_1_212_1:0:0_1:0:0_12a/1	Macaca mulatta
human_1_219_0:0:0_1:0:0_52f/1	Homo sapiens
human_1_219_0:0:0_0:0:0_2b/1	Homo sapiens
human_1_219_1:0:0_1:0:0_2e1/1	Homo sapiens
human_1_219_0:0:0_1:0:0_36b/1	Homo sapiens
human_1_219_0:0:0_0:0:0_3d7/1	Homo sapiens
cynomolgus_1_212_0:0:0_1:0:0_23/1	Macaca fascicularis
human_1_219_0:0:0_1:0:0_41/1	Homo sapiens
rhesus_1_212_1:0:0_0:0:0_55/1	Macaca mulatta
human_1_219_0:0:0_3:0:0_34c/1	Homo sapiens
human_1_219_0:0:0_1:0:0_46e/1	Homo sapiens
human_1_219_1:0:0_0:0:0_36e/1	Homo sapiens
human_1_219_0:0:0_2:0:0_fc/1	Homo sapiens
human_1_219_0:0:0_0:0:0_2d6/1	Homo sapiens
human_1_219_0:0:0_1:0:0_1df/1	Homo sapiens
human_1_219_1:0:0_0:0:0_1c/1	Homo sapiens
human_1_219_0:0:0_1:0:0_3ec/1	Homo sapiens
human_1_219_1:0:0_1:0:0_2dc/1	Homo sapiens
human_1_219_0:0:0_0:0:0_33c/1	Homo sapiens
human_1_219_1:0:0_0:0:0_43c/1	Homo sapiens
human_1_219_2:0:0_0:0:0_2f0/1	Homo sapiens
human_1_219_0:0:0_1:0:0_50d/1	Homo sapiens
rhesus_1_212_0:0:0_0:0:0_8a/1	Macaca mulatta
human_1_219_1:0:0_0:0:0_3fd/1	Homo sapiens
rhesus_1_212_3:0:0_0:0:0_60/1	Macaca mulatta
rhesus_1_212_0:0:0_1:0:0_158/1	Macaca mulatta
human_1_219_1:0:0_0:0:0_361/1	Homo sapiens
human_1_219_0:0:0_1:0:0_90/1	Homo sapiens
human_1_219_1:0:0_0:0:0_291/1	Homo sapiens
rhesus_1_212_1:0:0_0:0:0_35/1	Macaca mulatta
rhesus_1_212_1:0:0_0:0:0_69/1	Macaca mulatta
human_1_219_0:0:0_1:0:0_267/1	Homo sapiens
human_1_219_1:0:0_0:0:0_503/1	Homo sapiens
rhesus_1_212_0:0:0_1:0:0_d9/1	Macaca mulatta
human_1_219_2:0:0_0:0:0_268/1	Homo sapiens
rhesus_1_212_0:0:0_0:0:0_d4/1	Macaca mulatta
human_1_219_0:0:0_0:0:0_4eb/1	Homo sapiens
human_1_219_1:0:0_1:0:0_258/1	Homo sapiens
human_1_219_0:0:0_0:0:0_211/1	Homo sapiens
rhesus_1_212_0:0:0_0:0:0_b0/1	Macaca mulatta
rhesus_1_212_1:0:0_0:0:0_184/1	Macaca mulatta
human_1_219_1:0:0_0:0:0_32/1	Homo sapiens
rhesus_1_212_1:0:0_0:0:0_1e8/1	Macaca mulatta
rhesus_1_212_1:0:0_0:0:0_6/1	Macaca mulatta
cynomolgus_1_212_2:0:0_0:0:0_59/1	Macaca fascicularis
cynomolgus_1_212_1:0:0_0:0:0_10/1	Macaca fascicularis
human_1_219_1:0:0_0:0:0_236/1	Homo sapiens
human_1_219_0:0:0_0:0:0_34f/1	Homo sapiens
cynomolgus_1_212_1:0:0_1:0:0_58/1	Macaca fascicularis
human_1_219_0:0:0_1:0:0_25a/1	Homo sapiens
human_1_219_0:0:0_0:0:0_2a5/1	Homo sapiens
human_1_219_0:0:0_0:0:0_231/1	Homo sapiens
rhesus_1_212_1:0:0_0:0:0_142/1	Macaca mulatta
human_1_219_1:0:0_0:0:0_24c/1	Homo sapiens
human_1_219_2:0:0_0:0:0_4d4/1	Homo sapiens
human_1_219_1:0:0_0:0:0_576/1	Homo sapiens
human_1_219_0:0:0_1:0:0_2cd/1	Homo sapiens
rhesus_1_212_0:0:0_0:0:0_107/1	Macaca mulatta
human_1_219_0:0:0_1:0:0_17e/1	Homo sapiens
rhesus_1_212_1:0:0_0:0:0_1ee/1	Macaca mulatta
human_1_219_0:0:0_0:0:0_3ab/1	Homo sapiens
rhesus_1_212_0:0:0_0:0:0_db/1	Macaca mulatta
human_1_219_0:0:0_0:0:0_524/1	Homo sapiens
rhesus_1_212_0:0:0_0:0:0_8/1	Macaca mulatta
human_1_219_0:0:0_0:0:0_451/1	Homo sapiens
rhesus_1_212_1:0:0_0:0:0_86/1	Macaca mulatta
rhesus_1_212_0:0:0_0:0:0_13f/1	Macaca mulatta
human_1_219_0:0:0_0:0:0_11e/1	Homo sapiens
human_1_219_0:0:0_1:0:0_33d/1	Homo sapiens
human_1_219_0:0:0_0:0:0_4a9/1	Homo sapiens
human_1_219_0:0:0_0:0:0_3e8/1	Homo sapiens
cynomolgus_1_212_0:0:0_0:0:0_62/1	Macaca fascicularis
rhesus_1_212_1:0:0_0:0:0_177/1	Macaca mulatta
human_1_219_0:0:0_1:0:0_3ed/1	Homo sapiens
human_1_219_0:0:0_0:0:0_528/1	Homo sapiens
rhesus_1_212_0:0:0_2:0:0_28/1	Macaca mulatta
human_1_219_1:0:0_1:0:0_27a/1	Homo sapiens
human_1_219_1:0:0_0:0:0_54d/1	Homo sapiens
rhesus_1_212_0:0:0_0:0:0_88/1	Macaca mulatta
rhesus_1_212_0:0:0_0:0:0_111/1	Macaca mulatta
rhesus_1_212_0:0:0_0:0:0_147/1	Macaca mulatta
rhesus_1_212_0:0:0_0:0:0_168/1	Macaca mulatta
rhesus_1_212_0:0:0_0:0:0_18e/1	Macaca mulatta
human_1_219_0:0:0_1:0:0_c/1	Homo sapiens
human_1_219_0:0:0_0:0:0_9c/1	Homo sapiens
human_1_219_0:0:0_1:0:0_195/1	Homo sapiens
rhesus_1_212_0:0:0_0:0:0_195/1	Macaca mulatta
rhesus_1_212_0:0:0_1:0:0_d0/1	Macaca mulatta
human_1_219_0:0:0_0:0:0_396/1	Homo sapiens
human_1_219_0:0:0_0:0:0_44/1	Homo sapiens
human_1_219_0:0:0_0:0:0_2c7/1	Homo sapiens
human_1_219_0:0:0_0:0:0_260/1	Homo sapiens
human_1_219_0:0:0_0:0:0_55/1	Homo sapiens
rhesus_1_212_0:0:0_4:0:0_1dc/1	Macaca mulatta
human_1_219_0:0:0_0:0:0_d6/1	Homo sapiens
human_1_219_0:0:0_0:0:0_313/1	Homo sapiens
human_1_219_0:0:0_0:0:0_59/1	Homo sapiens
human_1_219_2:0:0_0:0:0_499/1	Homo sapiens
human_1_219_0:0:0_0:0:0_45e/1	Homo sapiens
rhesus_1_212_1:0:0_0:0:0_7d/1	Macaca mulatta
human_1_219_1:0:0_2:0:0_1e/1	Homo sapiens
human_1_219_0:0:0_0:0:0_45f/1	Homo sapiens
human_1_219_1:0:0_1:0:0_477/1	Homo sapiens
rhesus_1_212_1:0:0_0:0:0_12c/1	Macaca mulatta
human_1_219_0:0:0_0:0:0_239/1	Homo sapiens
human_1_219_0:0:0_1:0:0_4fd/1	Homo sapiens
rhesus_1_212_1:0:0_3:0:0_cd/1	Macaca mulatta
rhesus_1_212_0:0:0_1:0:0_eb/1	Macaca mulatta
human_1_219_0:0:0_0:0:0_302/1	Homo sapiens
human_1_219_0:0:0_1:0:0_3ef/1	Homo sapiens
cynomolgus_1_212_2:0:0_1:0:0_47/1	Macaca fascicularis
human_1_219_0:0:0_1:0:0_20c/1	Homo sapiens
human_1_219_0:0:0_0:0:0_dc/1	Homo sapiens
rhesus_1_212_0:0:0_0:0:0_47/1	Macaca mulatta
human_1_219_1:0:0_0:0:0_284/1	Homo sapiens
rhesus_1_212_0:0:0_0:0:0_b3/1	Macaca mulatta
cynomolgus_1_212_0:0:0_1:0:0_56/1	Macaca fascicularis
cynomolgus_1_212_0:0:0_2:0:0_4d/1	Macaca fascicularis
human_1_219_0:0:0_0:0:0_357/1	Homo sapiens
human_1_219_0:0:0_0:0:0_54a/1	Homo sapiens
rhesus_1_212_0:0:0_1:0:0_3c/1	Macaca mulatta
human_1_219_0:0:0_0:0:0_8f/1	Homo sapiens
human_1_219_1:0:0_1:0:0_b9/1	Homo sapiens
rhesus_1_212_0:0:0_1:0:0_1bf/1	Macaca mulatta
human_1_219_1:0:0_0:0:0_2ca/1	Homo sapiens
human_1_219_0:0:0_0:0:0_1ac/1	Homo sapiens
human_1_219_0:0:0_1:0:0_7d/1	Homo sapiens
human_1_219_0:0:0_0:0:0_4af/1	Homo sapiens
human_1_219_1:0:0_0:0:0_4b5/1	Homo sapiens
human_1_219_0:0:0_0:0:0_20d/1	Homo sapiens
human_1_219_0:0:0_0:0:0_f4/1	Homo sapiens
human_1_219_0:0:0_0:0:0_19c/1	Homo sapiens
human_1_219_0:0:0_0:0:0_186/1	Homo sapiens
human_1_219_2:0:0_0:0:0_550/1	Homo sapiens
human_1_219_0:0:0_0:0:0_506/1	Homo sapiens
rhesus_1_212_0:0:0_0:0:0_29/1	Macaca mulatta
cynomolgus_1_212_0:0:0_0:0:0_25/1	Macaca fascicularis
rhesus_1_212_0:0:0_0:0:0_18c/1	Macaca mulatta
rhesus_1_212_0:0:0_0:0:0_4e/1	Macaca mulatta
rhesus_1_212_1:0:0_2:0:0_2a/1	Macaca mulatta
human_1_219_0:0:0_0:0:0_534/1	Homo sapiens
human_1_219_0:0:0_0:0:0_2a6/1	Homo sapiens
human_1_219_1:0:0_0:0:0_3c8/1	Homo sapiens
human_1_219_1:0:0_0:0:0_285/1	Homo sapiens
human_1_219_0:0:0_1:0:0_3b7/1	Homo sapiens
human_1_219_2:0:0_1:0:0_405/1	Homo sapiens
human_1_219_1:0:0_0:0:0_487/1	Homo sapiens
human_1_219_0:0:0_0:0:0_4b0/1	Homo sapiens
human_1_219_0:0:0_0:0:0_312/1	Homo sapiens
rhesus_1_212_0:0:0_0:0:0_1b9/1	Macaca mulatta
cynomolgus_1_212_1:0:0_0:0:0_33/1	Macaca fascicularis
cynomolgus_1_212_0:0:0_2:0:0_e/1	Macaca fascicularis
human_1_219_0:0:0_2:0:0_0/1	Homo sapiens
rhesus_1_212_1:0:0_0:0:0_8e/1	Macaca mulatta
human_1_219_0:0:0_0:0:0_515/1	Homo sapiens
human_1_219_1:0:0_0:0:0_40d/1	Homo sapiens
human_1_219_0:0:0_1:0:0_a/1	Homo sapiens
rhesus_1_212_0:0:0_1:0:0_162/1	Macaca mulatta
human_1_219_1:0:0_0:0:0_368/1	Homo sapiens
human_1_219_1:0:0_0:0:0_3dc/1	Homo sapiens
human_1_219_0:0:0_2:0:0_3cf/1	Homo sapiens
rhesus_1_212_0:0:0_0:0:0_ed/1	Macaca mulatta
human_1_219_0:0:0_1:0:0_1e7/1	Homo sapiens
human_1_219_0:0:0_0:0:0_1d0/1	Homo sapiens
rhesus_1_212_0:0:0_1:0:0_164/1	Macaca mulatta
human_1_219_1:0:0_0:0:0_73/1	Homo sapiens
human_1_219_2:0:0_1:0:0_5a/1	Homo sapiens
human_1_219_0:0:0_0:0:0_531/1	Homo sapiens
cynomolgus_1_212_0:0:0_0:0:0_1c/1	Macaca fascicularis
human_1_219_0:0:0_0:0:0_21e/1	Homo sapiens
rhesus_1_212_0:0:0_0:0:0_17a/1	Macaca mulatta
human_1_219_0:0:0_0:0:0_50c/1	Homo sapiens
rhesus_1_212_0:0:0_0:0:0_106/1	Macaca mulatta
human_1_219_1:0:0_1:0:0_61/1	Homo sapiens
human_1_219_0:0:0_0:0:0_106/1	Homo sapiens
human_1_219_1:0:0_0:0:0_2ec/1	Homo sapiens
rhesus_1_212_0:0:0_1:0:0_dd/1	Macaca mulatta
human_1_219_0:0:0_1:0:0_401/1	Homo sapiens
human_1_219_0:0:0_0:0:0_43f/1	Homo sapiens
human_1_219_0:0:0_2:0:0_3da/1	Homo sapiens
human_1_219_1:0:0_1:0:0_b5/1	Homo sapiens
human_1_219_2:0:0_0:0:0_197/1	Homo sapiens
rhesus_1_212_1:0:0_1:0:0_2d/1	Macaca mulatta
human_1_219_2:0:0_0:0:0_14e/1	Homo sapiens
human_1_219_0:0:0_0:0:0_3ff/1	Homo sapiens
human_1_219_1:0:0_0:0:0_1a4/1	Homo sapiens
human_1_219_1:0:0_0:0:0_245/1	Homo sapiens
human_1_219_1:0:0_1:0:0_2dd/1	Homo sapiens
rhesus_1_212_0:0:0_1:0:0_70/1	Macaca mulatta
rhesus_1_212_0:0:0_0:0:0_14d/1	Macaca mulatta
human_1_219_0:0:0_2:0:0_9f/1	Homo sapiens
human_1_219_1:0:0_0:0:0_456/1	Homo sapiens
rhesus_1_212_1:0:0_0:0:0_72/1	Macaca mulatta
human_1_219_0:0:0_1:0:0_45/1	Homo sapiens
rhesus_1_212_0:0:0_0:0:0_f6/1	Macaca mulatta
human_1_219_0:0:0_1:0:0_102/1	Homo sapiens
rhesus_1_212_0:0:0_0:0:0_1d6/1	Macaca mulatta
cynomolgus_1_212_0:0:0_0:0:0_18/1	Macaca fascicularis
rhesus_1_212_1:0:0_1:0:0_1ca/1	Macaca mulatta
human_1_219_2:0:0_0:0:0_3d5/1	Homo sapiens
human_1_219_0:0:0_0:0:0_41e/1	Homo sapiens
rhesus_1_212_1:0:0_0:0:0_71/1	Macaca mulatta
cynomolgus_1_212_0:0:0_0:0:0_38/1	Macaca fascicularis
human_1_219_0:0:0_0:0:0_2b8/1	Homo sapiens
rhesus_1_212_0:0:0_1:0:0_1cf/1	Macaca mulatta
rhesus_1_212_0:0:0_1:0:0_141/1	Macaca mulatta
human_1_219_1:0:0_0:0:0_46/1	Homo sapiens
human_1_219_1:0:0_0:0:0_92/1	Homo sapiens
human_1_219_0:0:0_0:0:0_238/1	Homo sapiens
human_1_219_0:0:0_0:0:0_4ac/1	Homo sapiens
human_1_219_0:0:0_0:0:0_4cb/1	Homo sapiens
rhesus_1_212_0:0:0_1:0:0_e1/1	Macaca mulatta
human_1_219_0:0:0_2:0:0_316/1	Homo sapiens
human_1_219_0:0:0_1:0:0_445/1	Homo sapiens
human_1_219_0:0:0_0:0:0_116/1	Homo sapiens
human_1_219_0:0:0_0:0:0_219/1	Homo sapiens
human_1_219_0:0:0_0:0:0_175/1	Homo sapiens
human_1_219_0:0:0_0:0:0_330/1	Homo sapiens
rhesus_1_212_0:0:0_0:0:0_58/1	Macaca mulatta
human_1_219_0:0:0_0:0:0_309/1	Homo sapiens
human_1_219_0:0:0_2:0:0_3b1/1	Homo sapiens
cynomolgus_1_212_2:0:0_0:0:0_5e/1	Macaca fascicularis
human_1_219_0:0:0_1:0:0_517/1	Homo sapiens
rhesus_1_212_1:0:0_1:0:0_18f/1	Macaca mulatta
human_1_219_0:0:0_0:0:0_10c/1	Homo sapiens
human_1_219_0:0:0_1:0:0_347/1	Homo sapiens
human_1_219_2:0:0_1:0:0_10f/1	Homo sapiens
rhesus_1_212_1:0:0_0:0:0_e5/1	Macaca mulatta
human_1_219_0:0:0_0:0:0_1e0/1	Homo sapiens
human_1_219_0:0:0_0:0:0_1d1/1	Homo sapiens
rhesus_1_212_0:0:0_1:0:0_ae/1	Macaca mulatta
rhesus_1_212_0:0:0_1:0:0_1a7/1	Macaca mulatta
human_1_219_0:0:0_1:0:0_358/1	Homo sapiens
human_1_219_0:0:0_0:0:0_543/1	Homo sapiens
human_1_219_1:0:0_0:0:0_1bc/1	Homo sapiens
human_1_219_1:0:0_0:0:0_13c/1	Homo sapiens
human_1_219_0:0:0_0:0:0_507/1	Homo sapiens
rhesus_1_212_1:0:0_1:0:0_1d8/1	Macaca mulatta
human_1_219_1:0:0_1:0:0_11a/1	Homo sapiens
human_1_219_0:0:0_1:0:0_329/1	Homo sapiens
human_1_219_0:0:0_0:0:0_88/1	Homo sapiens
human_1_219_1:0:0_0:0:0_563/1	Homo sapiens
rhesus_1_212_0:0:0_0:0:0_1d/1	Macaca mulatta
rhesus_1_212_1:0:0_1:0:0_1d5/1	Macaca mulatta
human_1_219_1:0:0_0:0:0_12b/1	Homo sapiens
human_1_219_1:0:0_0:0:0_3a3/1	Homo sapiens
human_1_219_0:0:0_1:0:0_263/1	Homo sapiens
human_1_219_0:0:0_0:0:0_2c4/1	Homo sapiens
cynomolgus_1_212_0:0:0_1:0:0_19/1	Macaca fascicularis
rhesus_1_212_0:0:0_0:0:0_b8/1	Macaca mulatta
human_1_219_0:0:0_0:0:0_1f0/1	Homo sapiens
human_1_219_0:0:0_0:0:0_469/1	Homo sapiens
rhesus_1_212_0:0:0_1:0:0_115/1	Macaca mulatta
rhesus_1_212_1:0:0_0:0:0_192/1	Macaca mulatta
human_1_219_0:0:0_0:0:0_24e/1	Homo sapiens
rhesus_1_212_1:0:0_0:0:0_fc/1	Macaca mulatta
rhesus_1_212_0:0:0_0:0:0_151/1	Macaca mulatta
human_1_219_0:0:0_0:0:0_56e/1	Homo sapiens
human_1_219_0:0:0_0:0:0_220/1	Homo sapiens
human_1_219_0:0:0_2:0:0_109/1	Homo sapiens
human_1_219_0:0:0_1:0:0_2f4/1	Homo sapiens
rhesus_1_212_1:0:0_0:0:0_1a1/1	Macaca mulatta
human_1_219_0:0:0_0:0:0_296/1	Homo sapiens
human_1_219_1:0:0_1:0:0_2d4/1	Homo sapiens
rhesus_1_212_0:0:0_0:0:0_1e7/1	Macaca mulatta
human_1_219_0:0:0_0:0:0_c5/1	Homo sapiens
cynomolgus_1_212_0:0:0_0:0:0_36/1	Macaca fascicularis
human_1_219_0:0:0_0:0:0_217/1	Homo sapiens
human_1_219_0:0:0_0:0:0_3c6/1	Homo sapiens
human_1_219_0:0:0_0:0:0_419/1	Homo sapiens
human_1_219_0:0:0_0:0:0_87/1	Homo sapiens
human_1_219_1:0:0_0:0:0_7a/1	Homo sapiens
human_1_219_1:0:0_0:0:0_453/1	Homo sapiens
rhesus_1_212_0:0:0_1:0:0_23/1	Macaca mulatta
human_1_219_0:0:0_1:0:0_26f/1	Homo sapiens
rhesus_1_212_0:0:0_1:0:0_22/1	Macaca mulatta
rhesus_1_212_0:0:0_2:0:0_7e/1	Macaca mulatta
human_1_219_0:0:0_0:0:0_152/1	Homo sapiens
human_1_219_0:0:0_0:0:0_248/1	Homo sapiens
human_1_219_1:0:0_2:0:0_527/1	Homo sapiens
rhesus_1_212_0:0:0_0:0:0_1c2/1	Macaca mulatta
human_1_219_0:0:0_1:0:0_3c4/1	Homo sapiens
human_1_219_0:0:0_1:0:0_a1/1	Homo sapiens
cynomolgus_1_212_0:0:0_0:0:0_2f/1	Macaca fascicularis
rhesus_1_212_0:0:0_0:0:0_65/1	Macaca mulatta
rhesus_1_212_0:0:0_0:0:0_bb/1	Macaca mulatta
human_1_219_1:0:0_1:0:0_a8/1	Homo sapiens
human_1_219_0:0:0_0:0:0_36d/1	Homo sapiens
human_1_219_0:0:0_0:0:0_172/1	Homo sapiens
rhesus_1_212_0:0:0_0:0:0_81/1	Macaca mulatta
human_1_219_0:0:0_1:0:0_49e/1	Homo sapiens
human_1_219_0:0:0_0:0:0_3b2/1	Homo sapiens
rhesus_1_212_1:0:0_2:0:0_19b/1	Macaca mulatta
human_1_219_0:0:0_0:0:0_f6/1	Homo sapiens
human_1_219_0:0:0_0:0:0_3e9/1	Homo sapiens
human_1_219_1:0:0_1:0:0_168/1	Homo sapiens
human_1_219_0:0:0_0:0:0_e1/1	Homo sapiens
human_1_219_0:0:0_0:0:0_556/1	Homo sapiens
rhesus_1_212_0:0:0_0:0:0_94/1	Macaca mulatta
human_1_219_0:0:0_1:0:0_1b/1	Homo sapiens
human_1_219_0:0:0_2:0:0_3e6/1	Homo sapiens
rhesus_1_212_0:0:0_0:0:0_171/1	Macaca mulatta
human_1_219_0:0:0_2:0:0_103/1	Homo sapiens
human_1_219_1:0:0_0:0:0_121/1	Homo sapiens
rhesus_1_212_0:0:0_1:0:0_44/1	Macaca mulatta
human_1_219_0:0:0_0:0:0_1d9/1	Homo sapiens
human_1_219_1:0:0_0:0:0_135/1	Homo sapiens
human_1_219_0:0:0_0:0:0_235/1	Homo sapiens
human_1_219_0:0:0_1:0:0_2c8/1	Homo sapiens
human_1_219_0:0:0_0:0:0_510/1	Homo sapiens
human_1_219_1:0:0_0:0:0_2c0/1	Homo sapiens
human_1_219_0:0:0_2:0:0_30a/1	Homo sapiens
human_1_219_0:0:0_0:0:0_18b/1	Homo sapiens
human_1_219_0:0:0_0:0:0_3b0/1	Homo sapiens
human_1_219_1:0:0_1:0:0_2e6/1	Homo sapiens
human_1_219_0:0:0_0:0:0_416/1	Homo sapiens
cynomolgus_1_212_0:0:0_1:0:0_3f/1	Macaca fascicularis
human_1_219_0:0:0_0:0:0_3bc/1	Homo sapiens
rhesus_1_212_0:0:0_0:0:0_a/1	Macaca mulatta
human_1_219_1:0:0_0:0:0_52a/1	Homo sapiens
rhesus_1_212_1:0:0_0:0:0_118/1	Macaca mulatta
human_1_219_1:0:0_0:0:0_1ff/1	Homo sapiens
human_1_219_0:0:0_0:0:0_428/1	Homo sapiens
human_1_219_0:0:0_2:0:0_2fe/1	Homo sapiens
human_1_219_1:0:0_0:0:0_568/1	Homo sapiens
human_1_219_0:0:0_1:0:0_2a/1	Homo sapiens
human_1_219_1:0:0_3:0:0_342/1	Homo sapiens
human_1_219_0:0:0_0:0:0_370/1	Homo sapiens
human_1_219_2:0:0_1:0:0_4c4/1	Homo sapiens
human_1_219_2:0:0_0:0:0_2a0/1	Homo sapiens
human_1_219_0:0:0_2:0:0_310/1	Homo sapiens
rhesus_1_212_0:0:0_0:0:0_20/1	Macaca mulatta
human_1_219_2:0:0_1:0:0_4e5/1	Homo sapiens
rhesus_1_212_0:0:0_0:0:0_148/1	Macaca mulatta
human_1_219_0:0:0_0:0:0_535/1	Homo sapiens
rhesus_1_212_0:0:0_3:0:0_57/1	Macaca mulatta
human_1_219_1:0:0_0:0:0_16c/1	Homo sapiens
rhesus_1_212_0:0:0_1:0:0_173/1	Macaca mulatta
rhesus_1_212_1:0:0_1:0:0_125/1	Macaca mulatta
rhesus_1_212_0:0:0_0:0:0_1f/1	Macaca mulatta
rhesus_1_212_0:0:0_1:0:0_134/1	Macaca mulatta
human_1_219_0:0:0_0:0:0_49f/1	Homo sapiens
rhesus_1_212_0:0:0_0:0:0_1d2/1	Macaca mulatta
cynomolgus_1_212_0:0:0_1:0:0_17/1	Macaca fascicularis
human_1_219_2:0:0_0:0:0_3ba/1	Homo sapiens
human_1_219_0:0:0_1:0:0_56b/1	Homo sapiens
human_1_219_0:0:0_2:0:0_426/1	Homo sapiens
cynomolgus_1_212_0:0:0_0:0:0_2c/1	Macaca fascicularis
human_1_219_1:0:0_1:0:0_153/1	Homo sapiens
cynomolgus_1_212_0:0:0_0:0:0_12/1	Macaca fascicularis
rhesus_1_212_0:0:0_0:0:0_c5/1	Macaca mulatta
human_1_219_0:0:0_1:0:0_10d/1	Homo sapiens
human_1_219_2:0:0_1:0:0_f/1	Homo sapiens
human_1_219_0:0:0_1:0:0_1ca/1	Homo sapiens
rhesus_1_212_0:0:0_1:0:0_1d1/1	Macaca mulatta
human_1_219_0:0:0_0:0:0_4bd/1	Homo sapiens
rhesus_1_212_1:0:0_0:0:0_1e6/1	Macaca mulatta
rhesus_1_212_1:0:0_0:0:0_15e/1	Macaca mulatta
human_1_219_1:0:0_1:0:0_177/1	Homo sapiens
human_1_219_1:0:0_1:0:0_2a4/1	Homo sapiens
human_1_219_0:0:0_0:0:0_504/1	Homo sapiens
human_1_219_0:0:0_1:0:0_271/1	Homo sapiens
human_1_219_1:0:0_0:0:0_462/1	Homo sapiens
human_1_219_0:0:0_1:0:0_42e/1	Homo sapiens
rhesus_1_212_1:0:0_0:0:0_4f/1	Macaca mulatta
rhesus_1_212_2:0:0_0:0:0_1ac/1	Macaca mulatta
human_1_219_0:0:0_0:0:0_328/1	Homo sapiens
human_1_219_0:0:0_0:0:0_372/1	Homo sapiens
rhesus_1_212_0:0:0_0:0:0_1d4/1	Macaca mulatta
rhesus_1_212_0:0:0_1:0:0_140/1	Macaca mulatta
human_1_219_2:0:0_0:0:0_554/1	Homo sapiens
human_1_219_1:0:0_0:0:0_452/1	Homo sapiens
human_1_219_1:0:0_0:0:0_359/1	Homo sapiens
human_1_219_0:0:0_3:0:0_363/1	Homo sapiens
human_1_219_0:0:0_0:0:0_1d6/1	Homo sapiens
rhesus_1_212_1:0:0_1:0:0_84/1	Macaca mulatta
human_1_219_0:0:0_1:0:0_2e3/1	Homo sapiens
human_1_219_0:0:0_0:0:0_325/1	Homo sapiens
human_1_219_0:0:0_1:0:0_4dd/1	Homo sapiens
human_1_219_1:0:0_0:0:0_c2/1	Homo sapiens
human_1_219_0:0:0_1:0:0_4a8/1	Homo sapiens
human_1_219_0:0:0_0:0:0_56d/1	Homo sapiens
human_1_219_0:0:0_0:0:0_e6/1	Homo sapiens
rhesus_1_212_1:0:0_1:0:0_17d/1	Macaca mulatta
human_1_219_1:0:0_0:0:0_491/1	Homo sapiens
human_1_219_1:0:0_0:0:0_75/1	Homo sapiens
human_1_219_1:0:0_2:0:0_277/1	Homo sapiens
human_1_219_0:0:0_0:0:0_321/1	Homo sapiens
human_1_219_0:0:0_0:0:0_3a1/1	Homo sapiens
human_1_219_0:0:0_1:0:0_71/1	Homo sapiens
human_1_219_0:0:0_1:0:0_4c8/1	Homo sapiens
rhesus_1_212_0:0:0_0:0:0_59/1	Macaca mulatta
human_1_219_1:0:0_1:0:0_31/1	Homo sapiens
human_1_219_1:0:0_0:0:0_457/1	Homo sapiens
human_1_219_0:0:0_0:0:0_51c/1	Homo sapiens
human_1_219_1:0:0_2:0:0_104/1	Homo sapiens
rhesus_1_212_0:0:0_0:0:0_1bd/1	Macaca mulatta
human_1_219_0:0:0_0:0:0_38/1	Homo sapiens
rhesus_1_212_0:0:0_1:0:0_e6/1	Macaca mulatta
human_1_219_1:0:0_1:0:0_51f/1	Homo sapiens
human_1_219_0:0:0_1:0:0_1fc/1	Homo sapiens
human_1_219_1:0:0_0:0:0_37c/1	Homo sapiens
rhesus_1_212_0:0:0_0:0:0_73/1	Macaca mulatta
human_1_219_0:0:0_1:0:0_1a1/1	Homo sapiens
human_1_219_1:0:0_1:0:0_318/1	Homo sapiens
human_1_219_2:0:0_0:0:0_33a/1	Homo sapiens
human_1_219_0:0:0_1:0:0_cc/1	Homo sapiens
human_1_219_0:0:0_1:0:0_16/1	Homo sapiens
human_1_219_0:0:0_0:0:0_22/1	Homo sapiens
rhesus_1_212_0:0:0_0:0:0_27/1	Macaca mulatta
human_1_219_0:0:0_0:0:0_154/1	Homo sapiens
human_1_219_0:0:0_0:0:0_125/1	Homo sapiens
human_1_219_2:0:0_0:0:0_140/1	Homo sapiens
human_1_219_0:0:0_0:0:0_be/1	Homo sapiens
human_1_219_0:0:0_1:0:0_366/1	Homo sapiens
human_1_219_0:0:0_1:0:0_25b/1	Homo sapiens
human_1_219_1:0:0_0:0:0_55f/1	Homo sapiens
human_1_219_0:0:0_0:0:0_13e/1	Homo sapiens
human_1_219_2:0:0_3:0:0_546/1	Homo sapiens
cynomolgus_1_212_0:0:0_0:0:0_6/1	Macaca fascicularis
human_1_219_0:0:0_0:0:0_523/1	Homo sapiens
human_1_219_0:0:0_2:0:0_349/1	Homo sapiens
human_1_219_1:0:0_0:0:0_7/1	Homo sapiens
rhesus_1_212_0:0:0_0:0:0_166/1	Macaca mulatta
human_1_219_0:0:0_1:0:0_4dc/1	Homo sapiens
human_1_219_1:0:0_0:0:0_498/1	Homo sapiens
cynomolgus_1_212_0:0:0_2:0:0_55/1	Macaca fascicularis
rhesus_1_212_0:0:0_0:0:0_4c/1	Macaca mulatta
human_1_219_0:0:0_0:0:0_494/1	Homo sapiens
human_1_219_0:0:0_2:0:0_f1/1	Homo sapiens
rhesus_1_212_0:0:0_0:0:0_129/1	Macaca mulatta
human_1_219_1:0:0_0:0:0_3d/1	Homo sapiens
human_1_219_1:0:0_1:0:0_3f8/1	Homo sapiens
human_1_219_1:0:0_1:0:0_15d/1	Homo sapiens
rhesus_1_212_1:0:0_0:0:0_193/1	Macaca mulatta
rhesus_1_212_0:0:0_0:0:0_9f/1	Macaca mulatta
rhesus_1_212_0:0:0_0:0:0_1df/1	Macaca mulatta
rhesus_1_212_0:0:0_0:0:0_ce/1	Macaca mulatta
rhesus_1_212_0:0:0_1:0:0_b/1	Macaca mulatta
human_1_219_0:0:0_0:0:0_32b/1	Homo sapiens
rhesus_1_212_1:0:0_1:0:0_1e5/1	Macaca mulatta
human_1_219_1:0:0_0:0:0_1f6/1	Homo sapiens
human_1_219_1:0:0_0:0:0_6f/1	Homo sapiens
human_1_219_0:0:0_0:0:0_1d8/1	Homo sapiens
rhesus_1_212_0:0:0_1:0:0_d5/1	Macaca mulatta
rhesus_1_212_0:0:0_0:0:0_7c/1	Macaca mulatta
rhesus_1_212_1:0:0_0:0:0_154/1	Macaca mulatta
human_1_219_0:0:0_1:0:0_2e/1	Homo sapiens
rhesus_1_212_1:0:0_0:0:0_15/1	Macaca mulatta
human_1_219_1:0:0_1:0:0_508/1	Homo sapiens
rhesus_1_212_0:0:0_0:0:0_ab/1	Macaca mulatta
human_1_219_1:0:0_0:0:0_1b3/1	Homo sapiens
cynomolgus_1_212_0:0:0_0:0:0_24/1	Macaca fascicularis
human_1_219_0:0:0_0:0:0_d7/1	Homo sapiens
rhesus_1_212_0:0:0_1:0:0_1c3/1	Macaca mulatta
human_1_219_1:0:0_1:0:0_1a3/1	Homo sapiens
human_1_219_0:0:0_0:0:0_174/1	Homo sapiens
rhesus_1_212_0:0:0_0:0:0_d7/1	Macaca mulatta
human_1_219_1:0:0_0:0:0_32e/1	Homo sapiens
human_1_219_0:0:0_2:0:0_43d/1	Homo sapiens
human_1_219_0:0:0_0:0:0_395/1	Homo sapiens
rhesus_1_212_1:0:0_1:0:0_163/1	Macaca mulatta
human_1_219_1:0:0_1:0:0_7e/1	Homo sapiens
human_1_219_1:0:0_0:0:0_2ed/1	Homo sapiens
human_1_219_1:0:0_1:0:0_25d/1	Homo sapiens
human_1_219_0:0:0_1:0:0_112/1	Homo sapiens
human_1_219_0:0:0_1:0:0_34a/1	Homo sapiens
rhesus_1_212_1:0:0_1:0:0_109/1	Macaca mulatta
rhesus_1_212_1:0:0_0:0:0_2f/1	Macaca mulatta
human_1_219_2:0:0_0:0:0_ed/1	Homo sapiens
human_1_219_1:0:0_0:0:0_569/1	Homo sapiens
human_1_219_0:0:0_1:0:0_13f/1	Homo sapiens
human_1_219_0:0:0_0:0:0_3f6/1	Homo sapiens
rhesus_1_212_0:0:0_0:0:0_42/1	Macaca mulatta
human_1_219_0:0:0_0:0:0_142/1	Homo sapiens
rhesus_1_212_0:0:0_0:0:0_194/1	Macaca mulatta
rhesus_1_212_0:0:0_0:0:0_6c/1	Macaca mulatta
rhesus_1_212_1:0:0_0:0:0_10f/1	Macaca mulatta
rhesus_1_212_0:0:0_2:0:0_51/1	Macaca mulatta
cynomolgus_1_212_0:0:0_0:0:0_2d/1	Macaca fascicularis
human_1_219_1:0:0_0:0:0_a5/1	Homo sapiens
human_1_219_0:0:0_1:0:0_3c5/1	Homo sapiens
human_1_219_1:0:0_0:0:0_27f/1	Homo sapiens
human_1_219_1:0:0_1:0:0_2b9/1	Homo sapiens
human_1_219_0:0:0_1:0:0_196/1	Homo sapiens
rhesus_1_212_0:0:0_0:0:0_138/1	Macaca mulatta
rhesus_1_212_0:0:0_1:0:0_f2/1	Macaca mulatta
rhesus_1_212_0:0:0_2:0:0_1e2/1	Macaca mulatta
human_1_219_0:0:0_0:0:0_cb/1	Homo sapiens
human_1_219_0:0:0_0:0:0_3fa/1	Homo sapiens
human_1_219_0:0:0_1:0:0_fe/1	Homo sapiens
human_1_219_0:0:0_0:0:0_30b/1	Homo sapiens
human_1_219_2:0:0_1:0:0_18d/1	Homo sapiens
human_1_219_1:0:0_0:0:0_128/1	Homo sapiens
human_1_219_0:0:0_0:0:0_232/1	Homo sapiens
rhesus_1_212_0:0:0_0:0:0_a3/1	Macaca mulatta
human_1_219_2:0:0_1:0:0_2c6/1	Homo sapiens
cynomolgus_1_212_2:0:0_2:0:0_4e/1	Macaca fascicularis
human_1_219_0:0:0_0:0:0_2f5/1	Homo sapiens
human_1_219_1:0:0_0:0:0_178/1	Homo sapiens
human_1_219_0:0:0_0:0:0_495/1	Homo sapiens
cynomolgus_1_212_0:0:0_0:0:0_4f/1	Macaca fascicularis
human_1_219_1:0:0_0:0:0_37d/1	Homo sapiens
rhesus_1_212_0:0:0_0:0:0_e8/1	Macaca mulatta
human_1_219_1:0:0_0:0:0_3c3/1	Homo sapiens
human_1_219_1:0:0_0:0:0_3b9/1	Homo sapiens
human_1_219_0:0:0_0:0:0_514/1	Homo sapiens
rhesus_1_212_2:0:0_1:0:0_15a/1	Macaca mulatta
human_1_219_1:0:0_0:0:0_203/1	Homo sapiens
human_1_219_0:0:0_0:0:0_222/1	Homo sapiens
human_1_219_0:0:0_0:0:0_24b/1	Homo sapiens
human_1_219_0:0:0_0:0:0_272/1	Homo sapiens
human_1_219_1:0:0_1:0:0_1ef/1	Homo sapiens
human_1_219_0:0:0_1:0:0_19a/1	Homo sapiens
rhesus_1_212_1:0:0_1:0:0_1c0/1	Macaca mulatta
human_1_219_0:0:0_1:0:0_19e/1	Homo sapiens
human_1_219_0:0:0_0:0:0_52b/1	Homo sapiens
human_1_219_3:0:0_0:0:0_2af/1	Homo sapiens
rhesus_1_212_0:0:0_0:0:0_1e1/1	Macaca mulatta
human_1_219_0:0:0_0:0:0_20/1	Homo sapiens
human_1_219_0:0:0_1:0:0_353/1	Homo sapiens
human_1_219_1:0:0_0:0:0_509/1	Homo sapiens
human_1_219_1:0:0_1:0:0_41c/1	Homo sapiens
human_1_219_0:0:0_0:0:0_1b4/1	Homo sapiens
human_1_219_0:0:0_0:0:0_450/1	Homo sapiens
rhesus_1_212_0:0:0_3:0:0_12f/1	Macaca mulatta
rhesus_1_212_1:0:0_1:0:0_e2/1	Macaca mulatta
human_1_219_0:0:0_0:0:0_485/1	Homo sapiens
human_1_219_0:0:0_0:0:0_1c7/1	Homo sapiens
human_1_219_1:0:0_0:0:0_444/1	Homo sapiens
human_1_219_0:0:0_0:0:0_d1/1	Homo sapiens
human_1_219_0:0:0_0:0:0_32c/1	Homo sapiens
human_1_219_0:0:0_0:0:0_215/1	Homo sapiens
human_1_219_2:0:0_1:0:0_134/1	Homo sapiens
rhesus_1_212_1:0:0_0:0:0_15c/1	Macaca mulatta
human_1_219_2:0:0_1:0:0_158/1	Homo sapiens
human_1_219_1:0:0_1:0:0_4/1	Homo sapiens
human_1_219_1:0:0_1:0:0_41a/1	Homo sapiens
human_1_219_0:0:0_0:0:0_4cc/1	Homo sapiens
human_1_219_0:0:0_0:0:0_f9/1	Homo sapiens
rhesus_1_212_0:0:0_0:0:0_19/1	Macaca mulatta
human_1_219_0:0:0_0:0:0_32a/1	Homo sapiens
rhesus_1_212_0:0:0_2:0:0_5b/1	Macaca mulatta
rhesus_1_212_0:0:0_0:0:0_11b/1	Macaca mulatta
human_1_219_0:0:0_0:0:0_544/1	Homo sapiens
human_1_219_0:0:0_0:0:0_2d9/1	Homo sapiens
rhesus_1_212_1:0:0_0:0:0_18/1	Macaca mulatta
human_1_219_0:0:0_1:0:0_14d/1	Homo sapiens
human_1_219_0:0:0_0:0:0_1ea/1	Homo sapiens
human_1_219_0:0:0_0:0:0_4d6/1	Homo sapiens
human_1_219_0:0:0_0:0:0_4d/1	Homo sapiens
rhesus_1_212_0:0:0_1:0:0_144/1	Macaca mulatta
human_1_219_1:0:0_0:0:0_46c/1	Homo sapiens
human_1_219_0:0:0_0:0:0_147/1	Homo sapiens
rhesus_1_212_2:0:0_1:0:0_1e0/1	Macaca mulatta
human_1_219_0:0:0_0:0:0_3b4/1	Homo sapiens
human_1_219_0:0:0_0:0:0_2bd/1	Homo sapiens
rhesus_1_212_0:0:0_0:0:0_98/1	Macaca mulatta
human_1_219_0:0:0_0:0:0_516/1	Homo sapiens
human_1_219_1:0:0_0:0:0_47d/1	Homo sapiens
rhesus_1_212_0:0:0_0:0:0_105/1	Macaca mulatta
human_1_219_0:0:0_1:0:0_2fd/1	Homo sapiens
rhesus_1_212_1:0:0_1:0:0_113/1	Macaca mulatta
rhesus_1_212_0:0:0_0:0:0_17c/1	Macaca mulatta
human_1_219_1:0:0_0:0:0_40c/1	Homo sapiens
human_1_219_0:0:0_0:0:0_4a/1	Homo sapiens
human_1_219_1:0:0_0:0:0_1bd/1	Homo sapiens
human_1_219_0:0:0_0:0:0_11/1	Homo sapiens
rhesus_1_212_0:0:0_0:0:0_bc/1	Macaca mulatta
rhesus_1_212_0:0:0_0:0:0_152/1	Macaca mulatta
human_1_219_1:0:0_0:0:0_23b/1	Homo sapiens
human_1_219_0:0:0_0:0:0_4e4/1	Homo sapiens
human_1_219_0:0:0_0:0:0_1cb/1	Homo sapiens
human_1_219_1:0:0_1:0:0_e2/1	Homo sapiens
human_1_219_1:0:0_0:0:0_4ae/1	Homo sapiens
human_1_219_0:0:0_0:0:0_155/1	Homo sapiens
human_1_219_1:0:0_0:0:0_89/1	Homo sapiens
cynomolgus_1_212_0:0:0_0:0:0_5c/1	Macaca fascicularis
human_1_219_1:0:0_0:0:0_496/1	Homo sapiens
human_1_219_0:0:0_1:0:0_23a/1	Homo sapiens
human_1_219_1:0:0_0:0:0_3a2/1	Homo sapiens
rhesus_1_212_0:0:0_0:0:0_1a3/1	Macaca mulatta
human_1_219_0:0:0_0:0:0_e/1	Homo sapiens
human_1_219_0:0:0_0:0:0_4d0/1	Homo sapiens
human_1_219_0:0:0_1:0:0_36c/1	Homo sapiens
human_1_219_1:0:0_1:0:0_d9/1	Homo sapiens
human_1_219_2:0:0_0:0:0_ca/1	Homo sapiens
human_1_219_0:0:0_1:0:0_295/1	Homo sapiens
human_1_219_1:0:0_0:0:0_69/1	Homo sapiens
human_1_219_0:0:0_1:0:0_247/1	Homo sapiens
rhesus_1_212_1:0:0_0:0:0_170/1	Macaca mulatta
human_1_219_0:0:0_0:0:0_41b/1	Homo sapiens
human_1_219_2:0:0_0:0:0_206/1	Homo sapiens
human_1_219_0:0:0_0:0:0_24a/1	Homo sapiens
human_1_219_1:0:0_0:0:0_1a/1	Homo sapiens
human_1_219_0:0:0_0:0:0_56a/1	Homo sapiens
human_1_219_0:0:0_1:0:0_31f/1	Homo sapiens
human_1_219_0:0:0_0:0:0_27b/1	Homo sapiens
human_1_219_1:0:0_1:0:0_15f/1	Homo sapiens
human_1_219_1:0:0_1:0:0_4c5/1	Homo sapiens
human_1_219_1:0:0_0:0:0_53c/1	Homo sapiens
rhesus_1_212_0:0:0_2:0:0_182/1	Macaca mulatta
rhesus_1_212_0:0:0_0:0:0_5f/1	Macaca mulatta
human_1_219_1:0:0_1:0:0_530/1	Homo sapiens
human_1_219_0:0:0_0:0:0_22e/1	Homo sapiens
rhesus_1_212_0:0:0_0:0:0_116/1	Macaca mulatta
rhesus_1_212_1:0:0_2:0:0_1f0/1	Macaca mulatta
human_1_219_1:0:0_0:0:0_1fb/1	Homo sapiens
rhesus_1_212_0:0:0_1:0:0_16b/1	Macaca mulatta
rhesus_1_212_0:0:0_1:0:0_167/1	Macaca mulatta
rhesus_1_212_0:0:0_0:0:0_a6/1	Macaca mulatta
human_1_219_0:0:0_0:0:0_40f/1	Homo sapiens
rhesus_1_212_0:0:0_0:0:0_96/1	Macaca mulatta
human_1_219_0:0:0_0:0:0_570/1	Homo sapiens
rhesus_1_212_0:0:0_0:0:0_77/1	Macaca mulatta
human_1_219_0:0:0_0:0:0_e5/1	Homo sapiens
rhesus_1_212_0:0:0_0:0:0_4a/1	Macaca mulatta
human_1_219_0:0:0_0:0:0_d3/1	Homo sapiens
human_1_219_0:0:0_1:0:0_115/1	Homo sapiens
human_1_219_2:0:0_0:0:0_28f/1	Homo sapiens
human_1_219_0:0:0_1:0:0_2a8/1	Homo sapiens
human_1_219_0:0:0_0:0:0_db/1	Homo sapiens
human_1_219_1:0:0_0:0:0_418/1	Homo sapiens
human_1_219_0:0:0_1:0:0_354/1	Homo sapiens
human_1_219_0:0:0_1:0:0_31e/1	Homo sapiens
human_1_219_0:0:0_0:0:0_2e0/1	Homo sapiens
human_1_219_2:0:0_0:0:0_39f/1	Homo sapiens
human_1_219_0:0:0_0:0:0_38b/1	Homo sapiens
human_1_219_0:0:0_0:0:0_3be/1	Homo sapiens
cynomolgus_1_212_0:0:0_0:0:0_22/1	Macaca fascicularis
cynomolgus_1_212_0:0:0_0:0:0_2b/1	Macaca fascicularis
rhesus_1_212_2:0:0_1:0:0_c9/1	Macaca mulatta
human_1_219_0:0:0_0:0:0_3e0/1	Homo sapiens
cynomolgus_1_212_1:0:0_0:0:0_39/1	Macaca fascicularis
human_1_219_0:0:0_0:0:0_6e/1	Homo sapiens
human_1_219_1:0:0_0:0:0_3f3/1	Homo sapiens
human_1_219_0:0:0_0:0:0_187/1	Homo sapiens
human_1_219_0:0:0_0:0:0_4b/1	Homo sapiens
human_1_219_0:0:0_0:0:0_1a0/1	Homo sapiens
human_1_219_0:0:0_1:0:0_62/1	Homo sapiens
cynomolgus_1_212_0:0:0_0:0:0_54/1	Macaca fascicularis
human_1_219_0:0:0_0:0:0_84/1	Homo sapiens
rhesus_1_212_0:0:0_1:0:0_18d/1	Macaca mulatta
cynomolgus_1_212_1:0:0_2:0:0_d/1	Macaca fascicularis
human_1_219_0:0:0_0:0:0_e8/1	Homo sapiens
rhesus_1_212_1:0:0_0:0:0_130/1	Macaca mulatta
human_1_219_0:0:0_1:0:0_2f3/1	Homo sapiens
human_1_219_0:0:0_0:0:0_262/1	Homo sapiens
human_1_219_0:0:0_0:0:0_4c9/1	Homo sapiens
human_1_219_2:0:0_0:0:0_208/1	Homo sapiens
human_1_219_0:0:0_1:0:0_275/1	Homo sapiens
human_1_219_1:0:0_0:0:0_51d/1	Homo sapiens
human_1_219_0:0:0_0:0:0_4e7/1	Homo sapiens
human_1_219_1:0:0_0:0:0_19/1	Homo sapiens
human_1_219_0:0:0_1:0:0_3de/1	Homo sapiens
human_1_219_0:0:0_0:0:0_ab/1	Homo sapiens
rhesus_1_212_0:0:0_0:0:0_7f/1	Macaca mulatta
human_1_219_0:0:0_0:0:0_259/1	Homo sapiens
human_1_219_0:0:0_0:0:0_337/1	Homo sapiens
human_1_219_1:0:0_0:0:0_4cf/1	Homo sapiens
human_1_219_0:0:0_1:0:0_4c1/1	Homo sapiens
human_1_219_0:0:0_0:0:0_42b/1	Homo sapiens
rhesus_1_212_0:0:0_1:0:0_f7/1	Macaca mulatta
human_1_219_0:0:0_1:0:0_478/1	Homo sapiens
human_1_219_0:0:0_1:0:0_2c1/1	Homo sapiens
human_1_219_0:0:0_1:0:0_64/1	Homo sapiens
rhesus_1_212_1:0:0_1:0:0_5d/1	Macaca mulatta
human_1_219_0:0:0_0:0:0_390/1	Homo sapiens
human_1_219_0:0:0_0:0:0_430/1	Homo sapiens
human_1_219_2:0:0_1:0:0_2be/1	Homo sapiens
human_1_219_0:0:0_0:0:0_352/1	Homo sapiens
rhesus_1_212_0:0:0_0:0:0_12b/1	Macaca mulatta
human_1_219_1:0:0_2:0:0_3f2/1	Homo sapiens
human_1_219_0:0:0_1:0:0_1f3/1	Homo sapiens
human_1_219_0:0:0_0:0:0_44e/1	Homo sapiens
human_1_219_1:0:0_0:0:0_b1/1	Homo sapiens
rhesus_1_212_0:0:0_1:0:0_ef/1	Macaca mulatta
human_1_219_0:0:0_1:0:0_376/1	Homo sapiens
human_1_219_0:0:0_0:0:0_3f/1	Homo sapiens
human_1_219_2:0:0_2:0:0_261/1	Homo sapiens
human_1_219_0:0:0_0:0:0_465/1	Homo sapiens
human_1_219_0:0:0_0:0:0_3d4/1	Homo sapiens
human_1_219_1:0:0_0:0:0_50/1	Homo sapiens
rhesus_1_212_0:0:0_0:0:0_1a9/1	Macaca mulatta
cynomolgus_1_212_0:0:0_0:0:0_3b/1	Macaca fascicularis
human_1_219_0:0:0_1:0:0_108/1	Homo sapiens
rhesus_1_212_1:0:0_0:0:0_160/1	Macaca mulatta
rhesus_1_212_1:0:0_1:0:0_16/1	Macaca mulatta
human_1_219_1:0:0_0:0:0_241/1	Homo sapiens
rhesus_1_212_0:0:0_0:0:0_15d/1	Macaca mulatta
human_1_219_0:0:0_1:0:0_37b/1	Homo sapiens
rhesus_1_212_1:0:0_0:0:0_1b6/1	Macaca mulatta
cynomolgus_1_212_0:0:0_1:0:0_13/1	Macaca fascicularis
human_1_219_0:0:0_1:0:0_12d/1	Homo sapiens
human_1_219_0:0:0_2:0:0_3f5/1	Homo sapiens
human_1_219_0:0:0_0:0:0_253/1	Homo sapiens
cynomolgus_1_212_0:0:0_0:0:0_21/1	Macaca fascicularis
human_1_219_0:0:0_0:0:0_51e/1	Homo sapiens
human_1_219_0:0:0_0:0:0_439/1	Homo sapiens
human_1_219_0:0:0_0:0:0_23/1	Homo sapiens
human_1_219_3:0:0_0:0:0_14f/1	Homo sapiens
rhesus_1_212_1:0:0_0:0:0_7/1	Macaca mulatta
cynomolgus_1_212_1:0:0_0:0:0_60/1	Macaca fascicularis
human_1_219_2:0:0_0:0:0_320/1	Homo sapiens
human_1_219_0:0:0_0:0:0_371/1	Homo sapiens
human_1_219_0:0:0_1:0:0_81/1	Homo sapiens
rhesus_1_212_0:0:0_0:0:0_110/1	Macaca mulatta
human_1_219_0:0:0_0:0:0_3c7/1	Homo sapiens
human_1_219_1:0:0_0:0:0_91/1	Homo sapiens
human_1_219_1:0:0_0:0:0_47/1	Homo sapiens
human_1_219_0:0:0_0:0:0_4de/1	Homo sapiens
human_1_219_0:0:0_1:0:0_4ad/1	Homo sapiens
human_1_219_1:0:0_0:0:0_468/1	Homo sapiens
human_1_219_0:0:0_1:0:0_1d2/1	Homo sapiens
human_1_219_1:0:0_0:0:0_3d3/1	Homo sapiens
human_1_219_0:0:0_0:0:0_574/1	Homo sapiens
rhesus_1_212_0:0:0_1:0:0_139/1	Macaca mulatta
human_1_219_0:0:0_0:0:0_54b/1	Homo sapiens
human_1_219_0:0:0_0:0:0_a4/1	Homo sapiens
rhesus_1_212_0:0:0_1:0:0_92/1	Macaca mulatta
human_1_219_0:0:0_0:0:0_15a/1	Homo sapiens
human_1_219_0:0:0_0:0:0_7b/1	Homo sapiens
human_1_219_0:0:0_1:0:0_2b4/1	Homo sapiens
human_1_219_0:0:0_1:0:0_404/1	Homo sapiens
human_1_219_0:0:0_0:0:0_39a/1	Homo sapiens
human_1_219_0:0:0_2:0:0_17f/1	Homo sapiens
human_1_219_2:0:0_0:0:0_3ad/1	Homo sapiens
human_1_219_0:0:0_0:0:0_433/1	Homo sapiens
human_1_219_0:0:0_0:0:0_35b/1	Homo sapiens
human_1_219_0:0:0_0:0:0_1c1/1	Homo sapiens
human_1_219_0:0:0_0:0:0_3af/1	Homo sapiens
human_1_219_1:0:0_0:0:0_118/1	Homo sapiens
human_1_219_0:0:0_0:0:0_43a/1	Homo sapiens
rhesus_1_212_0:0:0_0:0:0_12e/1	Macaca mulatta
human_1_219_0:0:0_1:0:0_b6/1	Homo sapiens
human_1_219_1:0:0_0:0:0_163/1	Homo sapiens
rhesus_1_212_2:0:0_0:0:0_100/1	Macaca mulatta
cynomolgus_1_212_0:0:0_0:0:0_3d/1	Macaca fascicularis
rhesus_1_212_1:0:0_1:0:0_d8/1	Macaca mulatta
rhesus_1_212_0:0:0_0:0:0_176/1	Macaca mulatta
rhesus_1_212_0:0:0_0:0:0_de/1	Macaca mulatta
human_1_219_0:0:0_0:0:0_3c/1	Homo sapiens
human_1_219_1:0:0_0:0:0_46a/1	Homo sapiens
human_1_219_1:0:0_0:0:0_bf/1	Homo sapiens
human_1_219_1:0:0_0:0:0_1d5/1	Homo sapiens
human_1_219_2:0:0_0:0:0_5/1	Homo sapiens
human_1_219_0:0:0_0:0:0_132/1	Homo sapiens
human_1_219_1:0:0_0:0:0_22d/1	Homo sapiens
human_1_219_0:0:0_0:0:0_10/1	Homo sapiens
human_1_219_0:0:0_0:0:0_243/1	Homo sapiens
rhesus_1_212_0:0:0_0:0:0_93/1	Macaca mulatta
human_1_219_0:0:0_0:0:0_191/1	Homo sapiens
human_1_219_0:0:0_0:0:0_3ea/1	Homo sapiens
human_1_219_0:0:0_1:0:0_1b5/1	Homo sapiens
human_1_219_0:0:0_0:0:0_3a9/1	Homo sapiens
human_1_219_2:0:0_1:0:0_397/1	Homo sapiens
human_1_219_0:0:0_1:0:0_3d0/1	Homo sapiens
rhesus_1_212_1:0:0_1:0:0_63/1	Macaca mulatta
human_1_219_0:0:0_0:0:0_4ed/1	Homo sapiens
human_1_219_1:0:0_2:0:0_557/1	Homo sapiens
rhesus_1_212_0:0:0_0:0:0_1bc/1	Macaca mulatta
human_1_219_0:0:0_0:0:0_43/1	Homo sapiens
cynomolgus_1_212_0:0:0_0:0:0_5b/1	Macaca fascicularis
human_1_219_1:0:0_0:0:0_35/1	Homo sapiens
human_1_219_0:0:0_1:0:0_cf/1	Homo sapiens
rhesus_1_212_2:0:0_1:0:0_17b/1	Macaca mulatta
human_1_219_0:0:0_0:0:0_273/1	Homo sapiens
human_1_219_0:0:0_0:0:0_52c/1	Homo sapiens
human_1_219_0:0:0_0:0:0_255/1	Homo sapiens
rhesus_1_212_0:0:0_0:0:0_e0/1	Macaca mulatta
human_1_219_0:0:0_1:0:0_1db/1	Homo sapiens
human_1_219_0:0:0_0:0:0_4a7/1	Homo sapiens
human_1_219_0:0:0_1:0:0_4be/1	Homo sapiens
rhesus_1_212_0:0:0_1:0:0_1c1/1	Macaca mulatta
human_1_219_2:0:0_1:0:0_6b/1	Homo sapiens
human_1_219_1:0:0_0:0:0_2fc/1	Homo sapiens
human_1_219_0:0:0_0:0:0_1af/1	Homo sapiens
rhesus_1_212_1:0:0_0:0:0_1eb/1	Macaca mulatta
cynomolgus_1_212_1:0:0_0:0:0_37/1	Macaca fascicularis
rhesus_1_212_0:0:0_0:0:0_78/1	Macaca mulatta
human_1_219_1:0:0_1:0:0_7f/1	Homo sapiens
rhesus_1_212_1:0:0_0:0:0_45/1	Macaca mulatta
human_1_219_0:0:0_0:0:0_10a/1	Homo sapiens
human_1_219_0:0:0_1:0:0_553/1	Homo sapiens
rhesus_1_212_2:0:0_0:0:0_a0/1	Macaca mulatta
rhesus_1_212_1:0:0_0:0:0_ca/1	Macaca mulatta
human_1_219_0:0:0_2:0:0_250/1	Homo sapiens
human_1_219_0:0:0_0:0:0_4e8/1	Homo sapiens
human_1_219_0:0:0_0:0:0_4e3/1	Homo sapiens
human_1_219_0:0:0_0:0:0_44d/1	Homo sapiens
rhesus_1_212_0:0:0_0:0:0_119/1	Macaca mulatta
human_1_219_0:0:0_0:0:0_331/1	Homo sapiens
human_1_219_1:0:0_1:0:0_281/1	Homo sapiens
human_1_219_0:0:0_1:0:0_562/1	Homo sapiens
rhesus_1_212_1:0:0_1:0:0_b1/1	Macaca mulatta
human_1_219_1:0:0_0:0:0_38c/1	Homo sapiens
human_1_219_2:0:0_0:0:0_47a/1	Homo sapiens
human_1_219_0:0:0_0:0:0_100/1	Homo sapiens
human_1_219_0:0:0_1:0:0_223/1	Homo sapiens
rhesus_1_212_1:0:0_1:0:0_33/1	Macaca mulatta
human_1_219_1:0:0_0:0:0_200/1	Homo sapiens
human_1_219_0:0:0_0:0:0_29c/1	Homo sapiens
rhesus_1_212_0:0:0_1:0:0_178/1	Macaca mulatta
human_1_219_0:0:0_1:0:0_45d/1	Homo sapiens
human_1_219_0:0:0_0:0:0_aa/1	Homo sapiens
rhesus_1_212_1:0:0_1:0:0_137/1	Macaca mulatta
human_1_219_1:0:0_0:0:0_2f1/1	Homo sapiens
human_1_219_0:0:0_1:0:0_201/1	Homo sapiens
rhesus_1_212_0:0:0_0:0:0_135/1	Macaca mulatta
human_1_219_0:0:0_0:0:0_130/1	Homo sapiens
human_1_219_1:0:0_0:0:0_1e8/1	Homo sapiens
rhesus_1_212_0:0:0_1:0:0_1ef/1	Macaca mulatta
human_1_219_1:0:0_0:0:0_14c/1	Homo sapiens
rhesus_1_212_0:0:0_0:0:0_1b1/1	Macaca mulatta
human_1_219_0:0:0_1:0:0_49c/1	Homo sapiens
human_1_219_0:0:0_1:0:0_545/1	Homo sapiens
human_1_219_1:0:0_1:0:0_1c5/1	Homo sapiens
human_1_219_0:0:0_1:0:0_274/1	Homo sapiens
human_1_219_1:0:0_2:0:0_f0/1	Homo sapiens
cynomolgus_1_212_2:0:0_0:0:0_3c/1	Macaca fascicularis
rhesus_1_212_0:0:0_0:0:0_1a8/1	Macaca mulatta
human_1_219_0:0:0_0:0:0_454/1	Homo sapiens
human_1_219_1:0:0_1:0:0_176/1	Homo sapiens
rhesus_1_212_0:0:0_0:0:0_1cc/1	Macaca mulatta
human_1_219_2:0:0_1:0:0_3e7/1	Homo sapiens
rhesus_1_212_0:0:0_1:0:0_f9/1	Macaca mulatta
human_1_219_2:0:0_1:0:0_4d8/1	Homo sapiens
human_1_219_1:0:0_1:0:0_3b5/1	Homo sapiens
human_1_219_0:0:0_0:0:0_11b/1	Homo sapiens
rhesus_1_212_0:0:0_2:0:0_121/1	Macaca mulatta
cynomolgus_1_212_1:0:0_1:0:0_4a/1	Macaca fascicularis
human_1_219_0:0:0_2:0:0_536/1	Homo sapiens
human_1_219_0:0:0_0:0:0_111/1	Homo sapiens
rhesus_1_212_0:0:0_1:0:0_169/1	Macaca mulatta
human_1_219_2:0:0_0:0:0_559/1	Homo sapiens
human_1_219_0:0:0_0:0:0_442/1	Homo sapiens
human_1_219_0:0:0_1:0:0_d/1	Homo sapiens
rhesus_1_212_0:0:0_0:0:0_d3/1	Macaca mulatta
human_1_219_1:0:0_2:0:0_167/1	Homo sapiens
human_1_219_0:0:0_1:0:0_2c9/1	Homo sapiens
rhesus_1_212_2:0:0_1:0:0_f8/1	Macaca mulatta
rhesus_1_212_1:0:0_0:0:0_10b/1	Macaca mulatta
human_1_219_0:0:0_0:0:0_319/1	Homo sapiens
human_1_219_1:0:0_0:0:0_6/1	Homo sapiens
human_1_219_0:0:0_0:0:0_254/1	Homo sapiens
human_1_219_0:0:0_2:0:0_1a9/1	Homo sapiens
rhesus_1_212_0:0:0_0:0:0_1f3/1	Macaca mulatta
human_1_219_1:0:0_0:0:0_40/1	Homo sapiens
human_1_219_2:0:0_1:0:0_2e9/1	Homo sapiens
human_1_219_1:0:0_0:0:0_42/1	Homo sapiens
rhesus_1_212_1:0:0_0:0:0_cb/1	Macaca mulatta
rhesus_1_212_0:0:0_0:0:0_85/1	Macaca mulatta
human_1_219_0:0:0_1:0:0_9d/1	Homo sapiens
rhesus_1_212_2:0:0_0:0:0_149/1	Macaca mulatta
human_1_219_0:0:0_0:0:0_4db/1	Homo sapiens
human_1_219_0:0:0_1:0:0_2ab/1	Homo sapiens
cynomolgus_1_212_0:0:0_0:0:0_3/1	Macaca fascicularis
rhesus_1_212_0:0:0_0:0:0_d1/1	Macaca mulatta
cynomolgus_1_212_1:0:0_0:0:0_2/1	Macaca fascicularis
human_1_219_0:0:0_0:0:0_14/1	Homo sapiens
human_1_219_2:0:0_1:0:0_505/1	Homo sapiens
human_1_219_1:0:0_1:0:0_2b6/1	Homo sapiens
human_1_219_1:0:0_2:0:0_21f/1	Homo sapiens
human_1_219_0:0:0_1:0:0_53d/1	Homo sapiens
rhesus_1_212_0:0:0_0:0:0_13c/1	Macaca mulatta
rhesus_1_212_3:0:0_0:0:0_1ad/1	Macaca mulatta
cynomolgus_1_212_0:0:0_1:0:0_27/1	Macaca fascicularis
cynomolgus_1_212_1:0:0_0:0:0_8/1	Macaca fascicularis
human_1_219_0:0:0_1:0:0_31d/1	Homo sapiens
human_1_219_0:0:0_1:0:0_429/1	Homo sapiens
human_1_219_0:0:0_0:0:0_1b6/1	Homo sapiens
human_1_219_0:0:0_2:0:0_573/1	Homo sapiens
cynomolgus_1_212_0:0:0_0:0:0_4c/1	Macaca fascicularis
rhesus_1_212_1:0:0_0:0:0_91/1	Macaca mulatta
human_1_219_0:0:0_0:0:0_16e/1	Homo sapiens
human_1_219_0:0:0_0:0:0_3bb/1	Homo sapiens
cynomolgus_1_212_0:0:0_1:0:0_1b/1	Macaca fascicularis
human_1_219_1:0:0_1:0:0_406/1	Homo sapiens
human_1_219_0:0:0_1:0:0_23e/1	Homo sapiens
human_1_219_0:0:0_0:0:0_48e/1	Homo sapiens
human_1_219_1:0:0_0:0:0_33b/1	Homo sapiens
human_1_219_0:0:0_1:0:0_86/1	Homo sapiens
rhesus_1_212_0:0:0_0:0:0_1b/1	Macaca mulatta
human_1_219_1:0:0_0:0:0_55e/1	Homo sapiens
human_1_219_1:0:0_1:0:0_41f/1	Homo sapiens
rhesus_1_212_1:0:0_1:0:0_197/1	Macaca mulatta
human_1_219_0:0:0_0:0:0_1aa/1	Homo sapiens
human_1_219_1:0:0_0:0:0_2d5/1	Homo sapiens
human_1_219_0:0:0_0:0:0_48d/1	Homo sapiens
human_1_219_1:0:0_0:0:0_25f/1	Homo sapiens
human_1_219_0:0:0_0:0:0_6a/1	Homo sapiens
human_1_219_0:0:0_0:0:0_1eb/1	Homo sapiens
rhesus_1_212_0:0:0_2:0:0_10c/1	Macaca mulatta
human_1_219_2:0:0_1:0:0_fd/1	Homo sapiens
human_1_219_0:0:0_0:0:0_149/1	Homo sapiens
human_1_219_0:0:0_1:0:0_1cd/1	Homo sapiens
rhesus_1_212_0:0:0_0:0:0_17f/1	Macaca mulatta
human_1_219_1:0:0_1:0:0_1ae/1	Homo sapiens
rhesus_1_212_0:0:0_0:0:0_1c6/1	Macaca mulatta
human_1_219_0:0:0_0:0:0_443/1	Homo sapiens
human_1_219_0:0:0_0:0:0_317/1	Homo sapiens
human_1_219_0:0:0_0:0:0_35e/1	Homo sapiens
rhesus_1_212_0:0:0_0:0:0_16c/1	Macaca mulatta
rhesus_1_212_1:0:0_0:0:0_132/1	Macaca mulatta
rhesus_1_212_0:0:0_0:0:0_83/1	Macaca mulatta
rhesus_1_212_0:0:0_0:0:0_5a/1	Macaca mulatta
rhesus_1_212_2:0:0_0:0:0_12/1	Macaca mulatta
cynomolgus_1_212_2:0:0_1:0:0_26/1	Macaca fascicularis
human_1_219_0:0:0_0:0:0_2bb/1	Homo sapiens
cynomolgus_1_212_0:0:0_1:0:0_63/1	Macaca fascicularis
human_1_219_0:0:0_0:0:0_511/1	Homo sapiens
human_1_219_0:0:0_0:0:0_2c2/1	Homo sapiens
human_1_219_0:0:0_0:0:0_334/1	Homo sapiens
human_1_219_1:0:0_1:0:0_b/1	Homo sapiens
human_1_219_1:0:0_0:0:0_65/1	Homo sapiens
rhesus_1_212_1:0:0_0:0:0_186/1	Macaca mulatta
human_1_219_1:0:0_1:0:0_1f9/1	Homo sapiens
human_1_219_0:0:0_1:0:0_12a/1	Homo sapiens
rhesus_1_212_0:0:0_0:0:0_f0/1	Macaca mulatta
rhesus_1_212_2:0:0_1:0:0_61/1	Macaca mulatta
human_1_219_0:0:0_0:0:0_2c5/1	Homo sapiens
human_1_219_0:0:0_1:0:0_1d4/1	Homo sapiens
rhesus_1_212_0:0:0_0:0:0_7b/1	Macaca mulatta
rhesus_1_212_0:0:0_0:0:0_14f/1	Macaca mulatta
human_1_219_1:0:0_0:0:0_2b3/1	Homo sapiens
human_1_219_0:0:0_1:0:0_4bf/1	Homo sapiens
human_1_219_0:0:0_0:0:0_2ad/1	Homo sapiens
human_1_219_2:0:0_0:0:0_324/1	Homo sapiens
human_1_219_1:0:0_1:0:0_435/1	Homo sapiens
human_1_219_0:0:0_0:0:0_305/1	Homo sapiens
human_1_219_0:0:0_0:0:0_3bf/1	Homo sapiens
cynomolgus_1_212_0:0:0_0:0:0_20/1	Macaca fascicularis
human_1_219_1:0:0_1:0:0_420/1	Homo sapiens
human_1_219_1:0:0_0:0:0_3a6/1	Homo sapiens
human_1_219_0:0:0_0:0:0_474/1	Homo sapiens
rhesus_1_212_1:0:0_0:0:0_1ed/1	Macaca mulatta
human_1_219_2:0:0_1:0:0_571/1	Homo sapiens
cynomolgus_1_212_0:0:0_0:0:0_49/1	Macaca fascicularis
human_1_219_1:0:0_0:0:0_157/1	Homo sapiens
human_1_219_0:0:0_0:0:0_278/1	Homo sapiens
human_1_219_1:0:0_0:0:0_3a4/1	Homo sapiens
human_1_219_0:0:0_0:0:0_1a6/1	Homo sapiens
human_1_219_1:0:0_0:0:0_12f/1	Homo sapiens
human_1_219_1:0:0_1:0:0_af/1	Homo sapiens
human_1_219_1:0:0_0:0:0_26c/1	Homo sapiens
rhesus_1_212_0:0:0_0:0:0_ee/1	Macaca mulatta
rhesus_1_212_0:0:0_0:0:0_198/1	Macaca mulatta
human_1_219_0:0:0_0:0:0_1dc/1	Homo sapiens
rhesus_1_212_0:0:0_0:0:0_120/1	Macaca mulatta
human_1_219_1:0:0_1:0:0_51a/1	Homo sapiens
human_1_219_1:0:0_0:0:0_a3/1	Homo sapiens
human_1_219_0:0:0_0:0:0_400/1	Homo sapiens
cynomolgus_1_212_0:0:0_0:0:0_41/1	Macaca fascicularis
human_1_219_0:0:0_0:0:0_30c/1	Homo sapiens
human_1_219_0:0:0_0:0:0_26/1	Homo sapiens
cynomolgus_1_212_0:0:0_0:0:0_3e/1	Macaca fascicularis
human_1_219_0:0:0_0:0:0_6c/1	Homo sapiens
rhesus_1_212_0:0:0_0:0:0_11a/1	Macaca mulatta
human_1_219_0:0:0_0:0:0_192/1	Homo sapiens
rhesus_1_212_0:0:0_0:0:0_67/1	Macaca mulatta
human_1_219_1:0:0_1:0:0_434/1	Homo sapiens
human_1_219_0:0:0_0:0:0_230/1	Homo sapiens
rhesus_1_212_2:0:0_2:0:0_10d/1	Macaca mulatta
human_1_219_0:0:0_0:0:0_415/1	Homo sapiens
cynomolgus_1_212_0:0:0_0:0:0_2e/1	Macaca fascicularis
human_1_219_0:0:0_0:0:0_26a/1	Homo sapiens
rhesus_1_212_0:0:0_2:0:0_1af/1	Macaca mulatta
rhesus_1_212_1:0:0_0:0:0_1ec/1	Macaca mulatta
human_1_219_1:0:0_2:0:0_b3/1	Homo sapiens
human_1_219_1:0:0_0:0:0_1c4/1	Homo sapiens
rhesus_1_212_0:0:0_0:0:0_127/1	Macaca mulatta
human_1_219_1:0:0_1:0:0_1f1/1	Homo sapiens
human_1_219_0:0:0_2:0:0_345/1	Homo sapiens
rhesus_1_212_0:0:0_0:0:0_1a/1	Macaca mulatta
human_1_219_1:0:0_1:0:0_492/1	Homo sapiens
rhesus_1_212_0:0:0_0:0:0_150/1	Macaca mulatta
human_1_219_2:0:0_0:0:0_3c1/1	Homo sapiens
human_1_219_0:0:0_1:0:0_2ae/1	Homo sapiens
human_1_219_1:0:0_0:0:0_171/1	Homo sapiens
human_1_219_2:0:0_1:0:0_1f/1	Homo sapiens
human_1_219_0:0:0_0:0:0_1a5/1	Homo sapiens
human_1_219_1:0:0_2:0:0_5b/1	Homo sapiens
human_1_219_0:0:0_1:0:0_b2/1	Homo sapiens
human_1_219_0:0:0_0:0:0_22f/1	Homo sapiens
cynomolgus_1_212_0:0:0_0:0:0_1f/1	Macaca fascicularis
human_1_219_0:0:0_1:0:0_402/1	Homo sapiens
human_1_219_0:0:0_0:0:0_23f/1	Homo sapiens
rhesus_1_212_0:0:0_0:0:0_f1/1	Macaca mulatta
human_1_219_1:0:0_0:0:0_48/1	Homo sapiens
rhesus_1_212_0:0:0_1:0:0_3d/1	Macaca mulatta
human_1_219_0:0:0_0:0:0_2a1/1	Homo sapiens
human_1_219_0:0:0_0:0:0_34/1	Homo sapiens
human_1_219_0:0:0_0:0:0_4e0/1	Homo sapiens
human_1_219_0:0:0_0:0:0_2e2/1	Homo sapiens
human_1_219_0:0:0_1:0:0_c1/1	Homo sapiens
rhesus_1_212_0:0:0_0:0:0_172/1	Macaca mulatta
human_1_219_0:0:0_1:0:0_2f2/1	Homo sapiens
human_1_219_0:0:0_1:0:0_4bb/1	Homo sapiens
human_1_219_1:0:0_0:0:0_2d/1	Homo sapiens
rhesus_1_212_1:0:0_0:0:0_187/1	Macaca mulatta
human_1_219_0:0:0_0:0:0_77/1	Homo sapiens
human_1_219_0:0:0_3:0:0_473/1	Homo sapiens
human_1_219_0:0:0_2:0:0_2f7/1	Homo sapiens
human_1_219_1:0:0_1:0:0_427/1	Homo sapiens
rhesus_1_212_0:0:0_0:0:0_b9/1	Macaca mulatta
cynomolgus_1_212_1:0:0_1:0:0_57/1	Macaca fascicularis
human_1_219_0:0:0_0:0:0_460/1	Homo sapiens
cynomolgus_1_212_0:0:0_1:0:0_f/1	Macaca fascicularis
human_1_219_3:0:0_0:0:0_1de/1	Homo sapiens
human_1_219_0:0:0_1:0:0_1e4/1	Homo sapiens
human_1_219_3:0:0_1:0:0_394/1	Homo sapiens
cynomolgus_1_212_0:0:0_0:0:0_c/1	Macaca fascicularis
human_1_219_2:0:0_1:0:0_2f6/1	Homo sapiens
human_1_219_2:0:0_0:0:0_98/1	Homo sapiens
human_1_219_0:0:0_0:0:0_38e/1	Homo sapiens
human_1_219_0:0:0_0:0:0_15/1	Homo sapiens
rhesus_1_212_0:0:0_2:0:0_9d/1	Macaca mulatta
rhesus_1_212_0:0:0_1:0:0_1a0/1	Macaca mulatta
human_1_219_1:0:0_0:0:0_28d/1	Homo sapiens
rhesus_1_212_1:0:0_0:0:0_48/1	Macaca mulatta
human_1_219_1:0:0_2:0:0_2f/1	Homo sapiens
rhesus_1_212_0:0:0_2:0:0_11f/1	Macaca mulatta
human_1_219_1:0:0_1:0:0_311/1	Homo sapiens
human_1_219_0:0:0_2:0:0_2eb/1	Homo sapiens
rhesus_1_212_0:0:0_0:0:0_179/1	Macaca mulatta
human_1_219_0:0:0_0:0:0_213/1	Homo sapiens
human_1_219_0:0:0_0:0:0_526/1	Homo sapiens
human_1_219_1:0:0_1:0:0_8e/1	Homo sapiens
human_1_219_0:0:0_1:0:0_463/1	Homo sapiens
human_1_219_0:0:0_1:0:0_f3/1	Homo sapiens
rhesus_1_212_0:0:0_1:0:0_c/1	Macaca mulatta
human_1_219_0:0:0_0:0:0_3c0/1	Homo sapiens
human_1_219_0:0:0_0:0:0_541/1	Homo sapiens
human_1_219_1:0:0_0:0:0_4f5/1	Homo sapiens
human_1_219_0:0:0_1:0:0_286/1	Homo sapiens
human_1_219_1:0:0_1:0:0_ff/1	Homo sapiens
rhesus_1_212_0:0:0_1:0:0_1c5/1	Macaca mulatta
rhesus_1_212_1:0:0_1:0:0_a4/1	Macaca mulatta
rhesus_1_212_0:0:0_0:0:0_49/1	Macaca mulatta
rhesus_1_212_1:0:0_0:0:0_c1/1	Macaca mulatta
human_1_219_1:0:0_0:0:0_198/1	Homo sapiens
human_1_219_0:0:0_2:0:0_15c/1	Homo sapiens
rhesus_1_212_1:0:0_1:0:0_da/1	Macaca mulatta
human_1_219_2:0:0_1:0:0_2d8/1	Homo sapiens
human_1_219_0:0:0_0:0:0_99/1	Homo sapiens
human_1_219_0:0:0_0:0:0_f2/1	Homo sapiens
rhesus_1_212_0:0:0_3:0:0_108/1	Macaca mulatta
rhesus_1_212_0:0:0_0:0:0_12d/1	Macaca mulatta
human_1_219_1:0:0_0:0:0_4a2/1	Homo sapiens
human_1_219_0:0:0_0:0:0_1ec/1	Homo sapiens
rhesus_1_212_0:0:0_0:0:0_14e/1	Macaca mulatta
human_1_219_1:0:0_1:0:0_1b2/1	Homo sapiens
human_1_219_0:0:0_0:0:0_292/1	Homo sapiens
human_1_219_1:0:0_0:0:0_36/1	Homo sapiens
human_1_219_1:0:0_1:0:0_480/1	Homo sapiens
human_1_219_0:0:0_2:0:0_4f/1	Homo sapiens
rhesus_1_212_0:0:0_0:0:0_199/1	Macaca mulatta
human_1_219_0:0:0_1:0:0_4c7/1	Homo sapiens
rhesus_1_212_1:0:0_2:0:0_159/1	Macaca mulatta
human_1_219_0:0:0_0:0:0_30d/1	Homo sapiens
human_1_219_0:0:0_0:0:0_cd/1	Homo sapiens
human_1_219_0:0:0_1:0:0_42c/1	Homo sapiens
human_1_219_1:0:0_0:0:0_431/1	Homo sapiens
rhesus_1_212_0:0:0_1:0:0_34/1	Macaca mulatta
human_1_219_0:0:0_0:0:0_85/1	Homo sapiens
human_1_219_0:0:0_1:0:0_9/1	Homo sapiens
human_1_219_0:0:0_0:0:0_57/1	Homo sapiens
human_1_219_0:0:0_0:0:0_4d3/1	Homo sapiens
human_1_219_1:0:0_0:0:0_436/1	Homo sapiens
rhesus_1_212_1:0:0_1:0:0_13e/1	Macaca mulatta
human_1_219_0:0:0_0:0:0_12c/1	Homo sapiens
human_1_219_0:0:0_1:0:0_d0/1	Homo sapiens
human_1_219_1:0:0_0:0:0_1e3/1	Homo sapiens
human_1_219_2:0:0_0:0:0_269/1	Homo sapiens
human_1_219_1:0:0_1:0:0_335/1	Homo sapiens
human_1_219_0:0:0_1:0:0_55c/1	Homo sapiens
human_1_219_0:0:0_0:0:0_25c/1	Homo sapiens
human_1_219_0:0:0_1:0:0_437/1	Homo sapiens
human_1_219_3:0:0_3:0:0_2d1/1	Homo sapiens
human_1_219_1:0:0_0:0:0_212/1	Homo sapiens
human_1_219_0:0:0_0:0:0_18/1	Homo sapiens
human_1_219_0:0:0_0:0:0_45b/1	Homo sapiens
human_1_219_0:0:0_0:0:0_20a/1	Homo sapiens
rhesus_1_212_2:0:0_2:0:0_e7/1	Macaca mulatta
human_1_219_0:0:0_0:0:0_48f/1	Homo sapiens
human_1_219_0:0:0_0:0:0_1ce/1	Homo sapiens
rhesus_1_212_0:0:0_0:0:0_126/1	Macaca mulatta
human_1_219_0:0:0_0:0:0_30e/1	Homo sapiens
human_1_219_1:0:0_1:0:0_367/1	Homo sapiens
human_1_219_0:0:0_0:0:0_193/1	Homo sapiens
rhesus_1_212_0:0:0_0:0:0_0/1	Macaca mulatta
human_1_219_0:0:0_1:0:0_3a/1	Homo sapiens
human_1_219_0:0:0_1:0:0_17b/1	Homo sapiens
human_1_219_1:0:0_1:0:0_4a5/1	Homo sapiens
human_1_219_1:0:0_0:0:0_513/1	Homo sapiens
human_1_219_0:0:0_0:0:0_240/1	Homo sapiens
human_1_219_0:0:0_0:0:0_2da/1	Homo sapiens
human_1_219_1:0:0_0:0:0_266/1	Homo sapiens
human_1_219_1:0:0_0:0:0_2bf/1	Homo sapiens
rhesus_1_212_0:0:0_0:0:0_19e/1	Macaca mulatta
human_1_219_0:0:0_1:0:0_22c/1	Homo sapiens
human_1_219_0:0:0_1:0:0_a7/1	Homo sapiens
rhesus_1_212_0:0:0_0:0:0_1ab/1	Macaca mulatta
human_1_219_0:0:0_1:0:0_74/1	Homo sapiens
rhesus_1_212_0:0:0_0:0:0_e4/1	Macaca mulatta
human_1_219_0:0:0_0:0:0_3db/1	Homo sapiens
human_1_219_0:0:0_0:0:0_288/1	Homo sapiens
human_1_219_0:0:0_1:0:0_4f6/1	Homo sapiens
human_1_219_0:0:0_0:0:0_297/1	Homo sapiens
rhesus_1_212_1:0:0_0:0:0_4/1	Macaca mulatta
human_1_219_0:0:0_0:0:0_12/1	Homo sapiens
human_1_219_0:0:0_0:0:0_490/1	Homo sapiens
rhesus_1_212_1:0:0_1:0:0_4d/1	Macaca mulatta
rhesus_1_212_1:0:0_0:0:0_1e/1	Macaca mulatta
human_1_219_0:0:0_1:0:0_5c/1	Homo sapiens
human_1_219_2:0:0_1:0:0_2de/1	Homo sapiens
human_1_219_1:0:0_1:0:0_322/1	Homo sapiens
rhesus_1_212_1:0:0_1:0:0_1a2/1	Macaca mulatta
human_1_219_1:0:0_0:0:0_548/1	Homo sapiens
human_1_219_1:0:0_1:0:0_39d/1	Homo sapiens
rhesus_1_212_0:0:0_0:0:0_19f/1	Macaca mulatta
cynomolgus_1_212_1:0:0_0:0:0_34/1	Macaca fascicularis
human_1_219_1:0:0_1:0:0_4b3/1	Homo sapiens
human_1_219_1:0:0_0:0:0_355/1	Homo sapiens
human_1_219_1:0:0_2:0:0_482/1	Homo sapiens
human_1_219_0:0:0_0:0:0_561/1	Homo sapiens
rhesus_1_212_1:0:0_1:0:0_50/1	Macaca mulatta
human_1_219_0:0:0_1:0:0_170/1	Homo sapiens
human_1_219_0:0:0_1:0:0_4a3/1	Homo sapiens
rhesus_1_212_0:0:0_0:0:0_97/1	Macaca mulatta
human_1_219_1:0:0_1:0:0_1fe/1	Homo sapiens
rhesus_1_212_1:0:0_1:0:0_13b/1	Macaca mulatta
human_1_219_0:0:0_1:0:0_e0/1	Homo sapiens
human_1_219_1:0:0_1:0:0_a9/1	Homo sapiens
human_1_219_0:0:0_2:0:0_265/1	Homo sapiens
cynomolgus_1_212_1:0:0_0:0:0_50/1	Macaca fascicularis
human_1_219_1:0:0_1:0:0_1ed/1	Homo sapiens
human_1_219_3:0:0_0:0:0_279/1	Homo sapiens
human_1_219_0:0:0_0:0:0_eb/1	Homo sapiens
human_1_219_1:0:0_3:0:0_30/1	Homo sapiens
human_1_219_1:0:0_0:0:0_207/1	Homo sapiens
human_1_219_2:0:0_1:0:0_a6/1	Homo sapiens
human_1_219_1:0:0_0:0:0_31c/1	Homo sapiens
human_1_219_0:0:0_0:0:0_49a/1	Homo sapiens
rhesus_1_212_1:0:0_0:0:0_1c7/1	Macaca mulatta
human_1_219_0:0:0_1:0:0_27c/1	Homo sapiens
rhesus_1_212_0:0:0_1:0:0_11c/1	Macaca mulatta
human_1_219_0:0:0_1:0:0_229/1	Homo sapiens
human_1_219_1:0:0_0:0:0_182/1	Homo sapiens
human_1_219_2:0:0_1:0:0_36f/1	Homo sapiens
human_1_219_0:0:0_0:0:0_bb/1	Homo sapiens
human_1_219_0:0:0_0:0:0_3dd/1	Homo sapiens
human_1_219_1:0:0_0:0:0_e3/1	Homo sapiens
human_1_219_1:0:0_1:0:0_e4/1	Homo sapiens
human_1_219_2:0:0_0:0:0_da/1	Homo sapiens
rhesus_1_212_1:0:0_0:0:0_19d/1	Macaca mulatta
cynomolgus_1_212_0:0:0_0:0:0_11/1	Macaca fascicularis
human_1_219_0:0:0_0:0:0_4fe/1	Homo sapiens
rhesus_1_212_0:0:0_1:0:0_24/1	Macaca mulatta
human_1_219_1:0:0_0:0:0_293/1	Homo sapiens
cynomolgus_1_212_1:0:0_0:0:0_1a/1	Macaca fascicularis
human_1_219_2:0:0_0:0:0_362/1	Homo sapiens
human_1_219_0:0:0_0:0:0_82/1	Homo sapiens
human_1_219_1:0:0_0:0:0_bd/1	Homo sapiens
rhesus_1_212_1:0:0_1:0:0_80/1	Macaca mulatta
cynomolgus_1_212_0:0:0_0:0:0_45/1	Macaca fascicularis
rhesus_1_212_0:0:0_0:0:0_1c4/1	Macaca mulatta
human_1_219_0:0:0_0:0:0_199/1	Homo sapiens
human_1_219_0:0:0_0:0:0_4ea/1	Homo sapiens
rhesus_1_212_0:0:0_0:0:0_c4/1	Macaca mulatta
human_1_219_0:0:0_1:0:0_32f/1	Homo sapiens
human_1_219_0:0:0_2:0:0_35d/1	Homo sapiens
human_1_219_1:0:0_0:0:0_388/1	Homo sapiens
human_1_219_0:0:0_1:0:0_194/1	Homo sapiens
human_1_219_0:0:0_1:0:0_1fa/1	Homo sapiens
human_1_219_1:0:0_2:0:0_2cc/1	Homo sapiens
human_1_219_1:0:0_2:0:0_447/1	Homo sapiens
cynomolgus_1_212_0:0:0_1:0:0_1e/1	Macaca fascicularis
human_1_219_0:0:0_0:0:0_486/1	Homo sapiens
human_1_219_1:0:0_0:0:0_464/1	Homo sapiens
human_1_219_0:0:0_1:0:0_234/1	Homo sapiens
human_1_219_1:0:0_0:0:0_19d/1	Homo sapiens
human_1_219_0:0:0_2:0:0_4c3/1	Homo sapiens
human_1_219_0:0:0_0:0:0_455/1	Homo sapiens
human_1_219_0:0:0_0:0:0_28b/1	Homo sapiens
human_1_219_0:0:0_1:0:0_11c/1	Homo sapiens
human_1_219_1:0:0_3:0:0_169/1	Homo sapiens
human_1_219_0:0:0_1:0:0_1e2/1	Homo sapiens
human_1_219_1:0:0_0:0:0_107/1	Homo sapiens
rhesus_1_212_0:0:0_1:0:0_1be/1	Macaca mulatta
rhesus_1_212_0:0:0_0:0:0_79/1	Macaca mulatta
rhesus_1_212_0:0:0_0:0:0_8b/1	Macaca mulatta
human_1_219_0:0:0_0:0:0_365/1	Homo sapiens
human_1_219_0:0:0_1:0:0_10b/1	Homo sapiens
human_1_219_0:0:0_1:0:0_4b1/1	Homo sapiens
human_1_219_0:0:0_1:0:0_540/1	Homo sapiens
human_1_219_1:0:0_1:0:0_94/1	Homo sapiens
rhesus_1_212_0:0:0_0:0:0_1a6/1	Macaca mulatta
human_1_219_1:0:0_0:0:0_51b/1	Homo sapiens
rhesus_1_212_0:0:0_1:0:0_9b/1	Macaca mulatta
human_1_219_0:0:0_0:0:0_35f/1	Homo sapiens
human_1_219_0:0:0_2:0:0_237/1	Homo sapiens
human_1_219_0:0:0_1:0:0_2d0/1	Homo sapiens
human_1_219_0:0:0_1:0:0_350/1	Homo sapiens
human_1_219_1:0:0_1:0:0_221/1	Homo sapiens
human_1_219_0:0:0_0:0:0_564/1	Homo sapiens
human_1_219_1:0:0_0:0:0_424/1	Homo sapiens
human_1_219_1:0:0_0:0:0_1ee/1	Homo sapiens
human_1_219_1:0:0_0:0:0_3f0/1	Homo sapiens
human_1_219_0:0:0_1:0:0_25/1	Homo sapiens
human_1_219_0:0:0_0:0:0_421/1	Homo sapiens
human_1_219_1:0:0_0:0:0_27e/1	Homo sapiens
human_1_219_0:0:0_0:0:0_4d9/1	Homo sapiens
human_1_219_0:0:0_0:0:0_39c/1	Homo sapiens
rhesus_1_212_0:0:0_0:0:0_1dd/1	Macaca mulatta
human_1_219_0:0:0_1:0:0_378/1	Homo sapiens
rhesus_1_212_0:0:0_1:0:0_2b/1	Macaca mulatta
human_1_219_0:0:0_1:0:0_4f9/1	Homo sapiens
cynomolgus_1_212_0:0:0_2:0:0_46/1	Macaca fascicularis
human_1_219_1:0:0_1:0:0_538/1	Homo sapiens
human_1_219_1:0:0_1:0:0_1d3/1	Homo sapiens
human_1_219_0:0:0_0:0:0_3a5/1	Homo sapiens
human_1_219_0:0:0_0:0:0_1a7/1	Homo sapiens
human_1_219_0:0:0_0:0:0_f5/1	Homo sapiens
human_1_219_0:0:0_0:0:0_1f7/1	Homo sapiens
human_1_219_0:0:0_1:0:0_2e8/1	Homo sapiens
human_1_219_0:0:0_3:0:0_16d/1	Homo sapiens
human_1_219_0:0:0_0:0:0_533/1	Homo sapiens
human_1_219_1:0:0_1:0:0_8/1	Homo sapiens
human_1_219_0:0:0_0:0:0_d8/1	Homo sapiens
human_1_219_0:0:0_0:0:0_9b/1	Homo sapiens
human_1_219_0:0:0_0:0:0_8a/1	Homo sapiens
human_1_219_0:0:0_0:0:0_23c/1	Homo sapiens
human_1_219_0:0:0_0:0:0_35a/1	Homo sapiens
human_1_219_0:0:0_0:0:0_34d/1	Homo sapiens
human_1_219_2:0:0_0:0:0_209/1	Homo sapiens
human_1_219_1:0:0_0:0:0_392/1	Homo sapiens
rhesus_1_212_1:0:0_1:0:0_13a/1	Macaca mulatta
human_1_219_0:0:0_0:0:0_78/1	Homo sapiens
human_1_219_0:0:0_1:0:0_3d9/1	Homo sapiens
cynomolgus_1_212_1:0:0_0:0:0_5d/1	Macaca fascicularis
human_1_219_0:0:0_0:0:0_471/1	Homo sapiens
human_1_219_0:0:0_1:0:0_159/1	Homo sapiens
rhesus_1_212_0:0:0_0:0:0_8f/1	Macaca mulatta
human_1_219_0:0:0_0:0:0_338/1	Homo sapiens
human_1_219_1:0:0_1:0:0_332/1	Homo sapiens
human_1_219_1:0:0_1:0:0_409/1	Homo sapiens
rhesus_1_212_0:0:0_1:0:0_14b/1	Macaca mulatta
human_1_219_1:0:0_0:0:0_484/1	Homo sapiens
human_1_219_0:0:0_0:0:0_4c/1	Homo sapiens
human_1_219_1:0:0_2:0:0_339/1	Homo sapiens
rhesus_1_212_0:0:0_1:0:0_75/1	Macaca mulatta
human_1_219_0:0:0_0:0:0_300/1	Homo sapiens
rhesus_1_212_0:0:0_1:0:0_f3/1	Macaca mulatta
rhesus_1_212_1:0:0_0:0:0_19a/1	Macaca mulatta
rhesus_1_212_0:0:0_0:0:0_2e/1	Macaca mulatta
cynomolgus_1_212_0:0:0_0:0:0_53/1	Macaca fascicularis
human_1_219_0:0:0_0:0:0_4b9/1	Homo sapiens
human_1_219_0:0:0_0:0:0_351/1	Homo sapiens
rhesus_1_212_2:0:0_0:0:0_11e/1	Macaca mulatta
rhesus_1_212_0:0:0_0:0:0_e9/1	Macaca mulatta
rhesus_1_212_0:0:0_2:0:0_1e3/1	Macaca mulatta
human_1_219_0:0:0_1:0:0_1e5/1	Homo sapiens
human_1_219_0:0:0_0:0:0_143/1	Homo sapiens
human_1_219_1:0:0_0:0:0_566/1	Homo sapiens
rhesus_1_212_0:0:0_0:0:0_3/1	Macaca mulatta
human_1_219_0:0:0_1:0:0_4fc/1	Homo sapiens
human_1_219_0:0:0_1:0:0_33e/1	Homo sapiens
human_1_219_1:0:0_0:0:0_252/1	Homo sapiens
human_1_219_1:0:0_0:0:0_2e4/1	Homo sapiens
human_1_219_0:0:0_1:0:0_294/1	Homo sapiens
human_1_219_1:0:0_1:0:0_3e5/1	Homo sapiens
rhesus_1_212_0:0:0_0:0:0_3b/1	Macaca mulatta
human_1_219_1:0:0_0:0:0_446/1	Homo sapiens
human_1_219_0:0:0_1:0:0_1bb/1	Homo sapiens
human_1_219_1:0:0_0:0:0_282/1	Homo sapiens
rhesus_1_212_1:0:0_0:0:0_56/1	Macaca mulatta
human_1_219_0:0:0_0:0:0_13b/1	Homo sapiens
human_1_219_1:0:0_0:0:0_d5/1	Homo sapiens
human_1_219_0:0:0_0:0:0_3e1/1	Homo sapiens
rhesus_1_212_0:0:0_0:0:0_17e/1	Macaca mulatta
human_1_219_0:0:0_0:0:0_438/1	Homo sapiens
human_1_219_0:0:0_0:0:0_55d/1	Homo sapiens
human_1_219_0:0:0_0:0:0_1cc/1	Homo sapiens
rhesus_1_212_1:0:0_0:0:0_32/1	Macaca mulatta
rhesus_1_212_0:0:0_0:0:0_ba/1	Macaca mulatta
rhesus_1_212_0:0:0_1:0:0_124/1	Macaca mulatta
human_1_219_0:0:0_0:0:0_16f/1	Homo sapiens
human_1_219_0:0:0_1:0:0_3b3/1	Homo sapiens
human_1_219_1:0:0_0:0:0_13d/1	Homo sapiens
human_1_219_0:0:0_0:0:0_356/1	Homo sapiens
rhesus_1_212_1:0:0_0:0:0_62/1	Macaca mulatta
human_1_219_1:0:0_0:0:0_44c/1	Homo sapiens
human_1_219_0:0:0_2:0:0_1f8/1	Homo sapiens
human_1_219_0:0:0_2:0:0_e7/1	Homo sapiens
human_1_219_1:0:0_1:0:0_552/1	Homo sapiens
human_1_219_1:0:0_1:0:0_373/1	Homo sapiens
rhesus_1_212_0:0:0_0:0:0_146/1	Macaca mulatta
rhesus_1_212_0:0:0_1:0:0_54/1	Macaca mulatta
rhesus_1_212_0:0:0_0:0:0_3e/1	Macaca mulatta
rhesus_1_212_1:0:0_0:0:0_64/1	Macaca mulatta
rhesus_1_212_1:0:0_0:0:0_1d3/1	Macaca mulatta
human_1_219_0:0:0_0:0:0_4a1/1	Homo sapiens
rhesus_1_212_1:0:0_0:0:0_d2/1	Macaca mulatta
human_1_219_0:0:0_0:0:0_3e3/1	Homo sapiens
human_1_219_0:0:0_0:0:0_4f0/1	Homo sapiens
rhesus_1_212_0:0:0_0:0:0_185/1	Macaca mulatta
rhesus_1_212_1:0:0_0:0:0_14a/1	Macaca mulatta
human_1_219_0:0:0_1:0:0_360/1	Homo sapiens
human_1_219_0:0:0_0:0:0_123/1	Homo sapiens
rhesus_1_212_1:0:0_0:0:0_19c/1	Macaca mulatta
human_1_219_1:0:0_0:0:0_c4/1	Homo sapiens
human_1_219_0:0:0_0:0:0_16a/1	Homo sapiens
cynomolgus_1_212_0:0:0_0:0:0_51/1	Macaca fascicularis
rhesus_1_212_0:0:0_0:0:0_e/1	Macaca mulatta
human_1_219_1:0:0_0:0:0_1e6/1	Homo sapiens
rhesus_1_212_0:0:0_0:0:0_102/1	Macaca mulatta
rhesus_1_212_0:0:0_0:0:0_1c8/1	Macaca mulatta
cynomolgus_1_212_0:0:0_2:0:0_2a/1	Macaca fascicularis
cynomolgus_1_212_0:0:0_0:0:0_5a/1	Macaca fascicularis
human_1_219_0:0:0_0:0:0_375/1	Homo sapiens
rhesus_1_212_2:0:0_1:0:0_95/1	Macaca mulatta
human_1_219_0:0:0_0:0:0_ef/1	Homo sapiens
rhesus_1_212_0:0:0_0:0:0_1bb/1	Macaca mulatta
human_1_219_0:0:0_1:0:0_202/1	Homo sapiens
human_1_219_0:0:0_1:0:0_33f/1	Homo sapiens
rhesus_1_212_0:0:0_0:0:0_1f2/1	Macaca mulatta
human_1_219_0:0:0_0:0:0_333/1	Homo sapiens
cynomolgus_1_212_0:0:0_2:0:0_1d/1	Macaca fascicularis
rhesus_1_212_0:0:0_2:0:0_16d/1	Macaca mulatta
rhesus_1_212_0:0:0_0:0:0_ad/1	Macaca mulatta
human_1_219_0:0:0_0:0:0_28e/1	Homo sapiens
rhesus_1_212_1:0:0_2:0:0_87/1	Macaca mulatta
human_1_219_1:0:0_0:0:0_1dd/1	Homo sapiens
human_1_219_0:0:0_0:0:0_303/1	Homo sapiens
human_1_219_0:0:0_1:0:0_34e/1	Homo sapiens
rhesus_1_212_0:0:0_0:0:0_10a/1	Macaca mulatta
rhesus_1_212_0:0:0_0:0:0_53/1	Macaca mulatta
human_1_219_1:0:0_1:0:0_4e1/1	Homo sapiens
human_1_219_1:0:0_0:0:0_127/1	Homo sapiens
rhesus_1_212_1:0:0_0:0:0_c7/1	Macaca mulatta
cynomolgus_1_212_1:0:0_0:0:0_3a/1	Macaca fascicularis
human_1_219_1:0:0_2:0:0_3c2/1	Homo sapiens
human_1_219_1:0:0_0:0:0_3ac/1	Homo sapiens
human_1_219_0:0:0_1:0:0_30f/1	Homo sapiens
rhesus_1_212_0:0:0_0:0:0_14/1	Macaca mulatta
human_1_219_0:0:0_1:0:0_287/1	Homo sapiens
human_1_219_0:0:0_0:0:0_551/1	Homo sapiens
human_1_219_0:0:0_0:0:0_72/1	Homo sapiens
human_1_219_0:0:0_0:0:0_385/1	Homo sapiens
human_1_219_0:0:0_0:0:0_1a8/1	Homo sapiens
human_1_219_0:0:0_0:0:0_7c/1	Homo sapiens
human_1_219_0:0:0_0:0:0_522/1	Homo sapiens
rhesus_1_212_0:0:0_0:0:0_be/1	Macaca mulatta
rhesus_1_212_1:0:0_0:0:0_8c/1	Macaca mulatta
human_1_219_0:0:0_0:0:0_348/1	Homo sapiens
human_1_219_1:0:0_0:0:0_4cd/1	Homo sapiens
human_1_219_0:0:0_1:0:0_1b0/1	Homo sapiens
human_1_219_0:0:0_0:0:0_28/1	Homo sapiens
rhesus_1_212_0:0:0_0:0:0_cc/1	Macaca mulatta
human_1_219_0:0:0_0:0:0_3cd/1	Homo sapiens
human_1_219_0:0:0_0:0:0_1c0/1	Homo sapiens
cynomolgus_1_212_0:0:0_1:0:0_42/1	Macaca fascicularis
rhesus_1_212_1:0:0_0:0:0_1a5/1	Macaca mulatta
human_1_219_0:0:0_0:0:0_493/1	Homo sapiens
human_1_219_0:0:0_0:0:0_10e/1	Homo sapiens
human_1_219_0:0:0_0:0:0_2c3/1	Homo sapiens
human_1_219_1:0:0_1:0:0_327/1	Homo sapiens
human_1_219_1:0:0_0:0:0_164/1	Homo sapiens
human_1_219_2:0:0_1:0:0_27/1	Homo sapiens
human_1_219_0:0:0_0:0:0_8d/1	Homo sapiens
human_1_219_0:0:0_0:0:0_c7/1	Homo sapiens
human_1_219_1:0:0_0:0:0_4fa/1	Homo sapiens
human_1_219_0:0:0_0:0:0_37e/1	Homo sapiens
human_1_219_0:0:0_1:0:0_2aa/1	Homo sapiens
human_1_219_2:0:0_1:0:0_d4/1	Homo sapiens
rhesus_1_212_0:0:0_1:0:0_30/1	Macaca mulatta
human_1_219_2:0:0_1:0:0_146/1	Homo sapiens
cynomolgus_1_212_0:0:0_0:0:0_61/1	Macaca fascicularis
human_1_219_1:0:0_0:0:0_3d1/1	Homo sapiens
rhesus_1_212_1:0:0_0:0:0_15f/1	Macaca mulatta
human_1_219_0:0:0_0:0:0_53a/1	Homo sapiens
human_1_219_0:0:0_1:0:0_4ca/1	Homo sapiens
human_1_219_0:0:0_0:0:0_314/1	Homo sapiens
human_1_219_0:0:0_1:0:0_377/1	Homo sapiens
rhesus_1_212_1:0:0_0:0:0_25/1	Macaca mulatta
human_1_219_0:0:0_0:0:0_1d/1	Homo sapiens
human_1_219_0:0:0_0:0:0_2ea/1	Homo sapiens
rhesus_1_212_0:0:0_0:0:0_180/1	Macaca mulatta
rhesus_1_212_1:0:0_1:0:0_52/1	Macaca mulatta
human_1_219_1:0:0_0:0:0_3fb/1	Homo sapiens
rhesus_1_212_0:0:0_0:0:0_190/1	Macaca mulatta
human_1_219_2:0:0_0:0:0_17d/1	Homo sapiens
human_1_219_0:0:0_0:0:0_165/1	Homo sapiens
rhesus_1_212_0:0:0_0:0:0_11d/1	Macaca mulatta
human_1_219_0:0:0_1:0:0_4f2/1	Homo sapiens
human_1_219_0:0:0_1:0:0_18f/1	Homo sapiens
human_1_219_0:0:0_2:0:0_3d6/1	Homo sapiens
human_1_219_0:0:0_1:0:0_423/1	Homo sapiens
human_1_219_0:0:0_0:0:0_41d/1	Homo sapiens
rhesus_1_212_0:0:0_0:0:0_9e/1	Macaca mulatta
human_1_219_0:0:0_2:0:0_46d/1	Homo sapiens
human_1_219_0:0:0_0:0:0_410/1	Homo sapiens
human_1_219_1:0:0_0:0:0_3a0/1	Homo sapiens
human_1_219_0:0:0_0:0:0_32d/1	Homo sapiens
human_1_219_0:0:0_0:0:0_54e/1	Homo sapiens
human_1_219_0:0:0_0:0:0_4d2/1	Homo sapiens
human_1_219_0:0:0_0:0:0_21d/1	Homo sapiens
human_1_219_1:0:0_0:0:0_131/1	Homo sapiens
human_1_219_0:0:0_0:0:0_2ba/1	Homo sapiens
cynomolgus_1_212_0:0:0_0:0:0_30/1	Macaca fascicularis
human_1_219_0:0:0_1:0:0_c8/1	Homo sapiens
human_1_219_0:0:0_0:0:0_54f/1	Homo sapiens
human_1_219_0:0:0_1:0:0_44b/1	Homo sapiens
human_1_219_0:0:0_1:0:0_76/1	Homo sapiens
human_1_219_0:0:0_0:0:0_133/1	Homo sapiens
human_1_219_0:0:0_0:0:0_21b/1	Homo sapiens
rhesus_1_212_0:0:0_0:0:0_165/1	Macaca mulatta
rhesus_1_212_0:0:0_1:0:0_6b/1	Macaca mulatta
human_1_219_0:0:0_0:0:0_2fa/1	Homo sapiens
cynomolgus_1_212_1:0:0_0:0:0_a/1	Macaca fascicularis
human_1_219_2:0:0_0:0:0_1be/1	Homo sapiens
human_1_219_1:0:0_0:0:0_3f7/1	Homo sapiens
human_1_219_0:0:0_0:0:0_244/1	Homo sapiens
human_1_219_0:0:0_0:0:0_461/1	Homo sapiens
human_1_219_0:0:0_0:0:0_29a/1	Homo sapiens
human_1_219_0:0:0_0:0:0_369/1	Homo sapiens
human_1_219_1:0:0_1:0:0_17/1	Homo sapiens
human_1_219_0:0:0_0:0:0_2cf/1	Homo sapiens
human_1_219_0:0:0_0:0:0_9e/1	Homo sapiens
human_1_219_0:0:0_1:0:0_17c/1	Homo sapiens
human_1_219_0:0:0_1:0:0_387/1	Homo sapiens
human_1_219_0:0:0_1:0:0_1c6/1	Homo sapiens
human_1_219_0:0:0_1:0:0_1e9/1	Homo sapiens
rhesus_1_212_0:0:0_0:0:0_10/1	Macaca mulatta
human_1_219_0:0:0_0:0:0_3f4/1	Homo sapiens
rhesus_1_212_0:0:0_2:0:0_c8/1	Macaca mulatta
rhesus_1_212_0:0:0_0:0:0_157/1	Macaca mulatta
human_1_219_1:0:0_0:0:0_144/1	Homo sapiens
human_1_219_0:0:0_0:0:0_188/1	Homo sapiens
human_1_219_0:0:0_0:0:0_51/1	Homo sapiens
human_1_219_0:0:0_1:0:0_458/1	Homo sapiens
rhesus_1_212_0:0:0_1:0:0_b7/1	Macaca mulatta
rhesus_1_212_0:0:0_0:0:0_76/1	Macaca mulatta
human_1_219_0:0:0_1:0:0_110/1	Homo sapiens
rhesus_1_212_0:0:0_0:0:0_fb/1	Macaca mulatta
human_1_219_0:0:0_0:0:0_fa/1	Homo sapiens
human_1_219_1:0:0_0:0:0_488/1	Homo sapiens
rhesus_1_212_0:0:0_0:0:0_2/1	Macaca mulatta
cynomolgus_1_212_0:0:0_0:0:0_7/1	Macaca fascicularis
human_1_219_1:0:0_0:0:0_4b2/1	Homo sapiens
human_1_219_0:0:0_0:0:0_180/1	Homo sapiens
human_1_219_2:0:0_0:0:0_14b/1	Homo sapiens
human_1_219_0:0:0_0:0:0_1ba/1	Homo sapiens
human_1_219_0:0:0_1:0:0_70/1	Homo sapiens
human_1_219_0:0:0_1:0:0_96/1	Homo sapiens
human_1_219_1:0:0_0:0:0_3ca/1	Homo sapiens
rhesus_1_212_0:0:0_1:0:0_1d9/1	Macaca mulatta
human_1_219_1:0:0_2:0:0_a2/1	Homo sapiens
human_1_219_1:0:0_0:0:0_35c/1	Homo sapiens
rhesus_1_212_0:0:0_1:0:0_fa/1	Macaca mulatta
rhesus_1_212_0:0:0_1:0:0_1e9/1	Macaca mulatta
human_1_219_0:0:0_0:0:0_374/1	Homo sapiens
human_1_219_2:0:0_0:0:0_56f/1	Homo sapiens
human_1_219_0:0:0_0:0:0_3ee/1	Homo sapiens
human_1_219_0:0:0_0:0:0_422/1	Homo sapiens
human_1_219_0:0:0_0:0:0_42a/1	Homo sapiens
human_1_219_1:0:0_0:0:0_344/1	Homo sapiens
human_1_219_0:0:0_0:0:0_47f/1	Homo sapiens
human_1_219_1:0:0_2:0:0_137/1	Homo sapiens
human_1_219_1:0:0_2:0:0_29b/1	Homo sapiens
rhesus_1_212_2:0:0_0:0:0_17/1	Macaca mulatta
human_1_219_0:0:0_0:0:0_4c2/1	Homo sapiens
rhesus_1_212_0:0:0_0:0:0_1cd/1	Macaca mulatta
human_1_219_1:0:0_0:0:0_21/1	Homo sapiens
human_1_219_1:0:0_0:0:0_256/1	Homo sapiens
rhesus_1_212_0:0:0_2:0:0_175/1	Macaca mulatta
human_1_219_2:0:0_0:0:0_336/1	Homo sapiens
human_1_219_0:0:0_0:0:0_4ec/1	Homo sapiens
rhesus_1_212_0:0:0_1:0:0_1a4/1	Macaca mulatta
human_1_219_0:0:0_0:0:0_21c/1	Homo sapiens
human_1_219_1:0:0_0:0:0_18e/1	Homo sapiens
human_1_219_0:0:0_1:0:0_226/1	Homo sapiens
human_1_219_0:0:0_1:0:0_29d/1	Homo sapiens
human_1_219_1:0:0_2:0:0_c3/1	Homo sapiens
rhesus_1_212_0:0:0_1:0:0_82/1	Macaca mulatta
rhesus_1_212_1:0:0_0:0:0_f4/1	Macaca mulatta
human_1_219_1:0:0_0:0:0_66/1	Homo sapiens
human_1_219_1:0:0_0:0:0_470/1	Homo sapiens
rhesus_1_212_0:0:0_2:0:0_3f/1	Macaca mulatta
human_1_219_0:0:0_0:0:0_38d/1	Homo sapiens
rhesus_1_212_0:0:0_0:0:0_189/1	Macaca mulatta
rhesus_1_212_0:0:0_1:0:0_155/1	Macaca mulatta
rhesus_1_212_1:0:0_0:0:0_bd/1	Macaca mulatta
human_1_219_1:0:0_0:0:0_216/1	Homo sapiens
rhesus_1_212_1:0:0_1:0:0_ec/1	Macaca mulatta
rhesus_1_212_1:0:0_0:0:0_ff/1	Macaca mulatta
human_1_219_1:0:0_0:0:0_481/1	Homo sapiens
human_1_219_2:0:0_0:0:0_467/1	Homo sapiens
human_1_219_0:0:0_1:0:0_2a9/1	Homo sapiens
human_1_219_0:0:0_0:0:0_8c/1	Homo sapiens
rhesus_1_212_0:0:0_0:0:0_181/1	Macaca mulatta
rhesus_1_212_0:0:0_0:0:0_6a/1	Macaca mulatta
human_1_219_2:0:0_0:0:0_384/1	Homo sapiens
human_1_219_0:0:0_0:0:0_4ee/1	Homo sapiens
human_1_219_1:0:0_2:0:0_2cb/1	Homo sapiens
human_1_219_0:0:0_1:0:0_3e2/1	Homo sapiens
human_1_219_1:0:0_0:0:0_204/1	Homo sapiens
human_1_219_0:0:0_0:0:0_68/1	Homo sapiens
human_1_219_0:0:0_0:0:0_15b/1	Homo sapiens
human_1_219_0:0:0_1:0:0_1b9/1	Homo sapiens
rhesus_1_212_0:0:0_0:0:0_1d7/1	Macaca mulatta
human_1_219_1:0:0_0:0:0_205/1	Homo sapiens
rhesus_1_212_0:0:0_0:0:0_74/1	Macaca mulatta
human_1_219_0:0:0_0:0:0_48b/1	Homo sapiens
human_1_219_1:0:0_0:0:0_53b/1	Homo sapiens
human_1_219_1:0:0_0:0:0_16b/1	Homo sapiens
human_1_219_0:0:0_1:0:0_441/1	Homo sapiens
human_1_219_0:0:0_0:0:0_25e/1	Homo sapiens
human_1_219_0:0:0_0:0:0_bc/1	Homo sapiens
human_1_219_0:0:0_0:0:0_323/1	Homo sapiens
human_1_219_0:0:0_1:0:0_6d/1	Homo sapiens
human_1_219_0:0:0_0:0:0_1cf/1	Homo sapiens
human_1_219_0:0:0_1:0:0_389/1	Homo sapiens
human_1_219_0:0:0_1:0:0_8b/1	Homo sapiens
human_1_219_0:0:0_0:0:0_459/1	Homo sapiens
human_1_219_0:0:0_1:0:0_47e/1	Homo sapiens
rhesus_1_212_2:0:0_0:0:0_128/1	Macaca mulatta
human_1_219_0:0:0_0:0:0_4e9/1	Homo sapiens
cynomolgus_1_212_1:0:0_0:0:0_9/1	Macaca fascicularis
human_1_219_0:0:0_0:0:0_1b7/1	Homo sapiens
rhesus_1_212_0:0:0_0:0:0_1b5/1	Macaca mulatta
human_1_219_1:0:0_0:0:0_26b/1	Homo sapiens
rhesus_1_212_1:0:0_0:0:0_a9/1	Macaca mulatta
cynomolgus_1_212_0:0:0_1:0:0_52/1	Macaca fascicularis
human_1_219_0:0:0_0:0:0_50f/1	Homo sapiens
human_1_219_1:0:0_0:0:0_4a4/1	Homo sapiens
human_1_219_2:0:0_1:0:0_120/1	Homo sapiens
human_1_219_3:0:0_0:0:0_501/1	Homo sapiens
human_1_219_0:0:0_0:0:0_228/1	Homo sapiens
rhesus_1_212_0:0:0_0:0:0_43/1	Macaca mulatta
human_1_219_0:0:0_0:0:0_2ee/1	Homo sapiens
human_1_219_1:0:0_0:0:0_547/1	Homo sapiens
human_1_219_0:0:0_2:0:0_26e/1	Homo sapiens
human_1_219_0:0:0_1:0:0_3d8/1	Homo sapiens
rhesus_1_212_2:0:0_0:0:0_1b4/1	Macaca mulatta
human_1_219_0:0:0_1:0:0_537/1	Homo sapiens
human_1_219_1:0:0_0:0:0_542/1	Homo sapiens
human_1_219_0:0:0_0:0:0_512/1	Homo sapiens
human_1_219_1:0:0_1:0:0_577/1	Homo sapiens
human_1_219_0:0:0_0:0:0_1c9/1	Homo sapiens
human_1_219_0:0:0_0:0:0_246/1	Homo sapiens
human_1_219_0:0:0_1:0:0_257/1	Homo sapiens
human_1_219_1:0:0_1:0:0_475/1	Homo sapiens
rhesus_1_212_0:0:0_0:0:0_1c/1	Macaca mulatta
human_1_219_0:0:0_0:0:0_3cc/1	Homo sapiens
human_1_219_0:0:0_3:0:0_393/1	Homo sapiens
human_1_219_0:0:0_1:0:0_54/1	Homo sapiens
human_1_219_0:0:0_0:0:0_4d1/1	Homo sapiens
human_1_219_1:0:0_0:0:0_560/1	Homo sapiens
rhesus_1_212_0:0:0_0:0:0_b4/1	Macaca mulatta
human_1_219_2:0:0_0:0:0_4d7/1	Homo sapiens
rhesus_1_212_2:0:0_0:0:0_1ae/1	Macaca mulatta
human_1_219_0:0:0_1:0:0_3a7/1	Homo sapiens
human_1_219_1:0:0_0:0:0_e9/1	Homo sapiens
human_1_219_2:0:0_0:0:0_24d/1	Homo sapiens
human_1_219_0:0:0_0:0:0_343/1	Homo sapiens
cynomolgus_1_212_0:0:0_0:0:0_14/1	Macaca fascicularis
human_1_219_2:0:0_0:0:0_3bd/1	Homo sapiens
human_1_219_0:0:0_0:0:0_1c8/1	Homo sapiens
human_1_219_0:0:0_0:0:0_2fb/1	Homo sapiens
human_1_219_0:0:0_0:0:0_117/1	Homo sapiens
human_1_219_1:0:0_1:0:0_391/1	Homo sapiens
human_1_219_0:0:0_1:0:0_307/1	Homo sapiens
human_1_219_1:0:0_0:0:0_5d/1	Homo sapiens
rhesus_1_212_0:0:0_1:0:0_131/1	Macaca mulatta
human_1_219_1:0:0_0:0:0_2d2/1	Homo sapiens
human_1_219_0:0:0_0:0:0_19b/1	Homo sapiens
human_1_219_0:0:0_1:0:0_49/1	Homo sapiens
human_1_219_1:0:0_1:0:0_40b/1	Homo sapiens
human_1_219_0:0:0_0:0:0_b0/1	Homo sapiens
human_1_219_0:0:0_0:0:0_4b4/1	Homo sapiens
human_1_219_0:0:0_0:0:0_218/1	Homo sapiens
human_1_219_0:0:0_1:0:0_4b6/1	Homo sapiens
human_1_219_0:0:0_0:0:0_432/1	Homo sapiens
human_1_219_1:0:0_0:0:0_26d/1	Homo sapiens
cynomolgus_1_212_0:0:0_0:0:0_29/1	Macaca fascicularis
rhesus_1_212_0:0:0_0:0:0_6f/1	Macaca mulatta
rhesus_1_212_2:0:0_0:0:0_b5/1	Macaca mulatta
human_1_219_2:0:0_0:0:0_136/1	Homo sapiens
human_1_219_0:0:0_0:0:0_53f/1	Homo sapiens
human_1_219_2:0:0_0:0:0_1c2/1	Homo sapiens
human_1_219_0:0:0_0:0:0_264/1	Homo sapiens
rhesus_1_212_2:0:0_1:0:0_af/1	Macaca mulatta
human_1_219_1:0:0_1:0:0_1b8/1	Homo sapiens
rhesus_1_212_0:0:0_1:0:0_16e/1	Macaca mulatta
rhesus_1_212_1:0:0_3:0:0_d/1	Macaca mulatta
human_1_219_1:0:0_0:0:0_3df/1	Homo sapiens
human_1_219_2:0:0_0:0:0_425/1	Homo sapiens
rhesus_1_212_1:0:0_1:0:0_dc/1	Macaca mulatta
rhesus_1_212_0:0:0_0:0:0_14c/1	Macaca mulatta
human_1_219_0:0:0_0:0:0_4ba/1	Homo sapiens
human_1_219_0:0:0_2:0:0_36a/1	Homo sapiens
human_1_219_2:0:0_1:0:0_1da/1	Homo sapiens
human_1_219_0:0:0_0:0:0_184/1	Homo sapiens
human_1_219_0:0:0_2:0:0_42f/1	Homo sapiens
human_1_219_1:0:0_0:0:0_408/1	Homo sapiens
human_1_219_1:0:0_0:0:0_2b2/1	Homo sapiens
human_1_219_0:0:0_0:0:0_520/1	Homo sapiens
rhesus_1_212_0:0:0_1:0:0_145/1	Macaca mulatta
human_1_219_1:0:0_1:0:0_161/1	Homo sapiens
rhesus_1_212_0:0:0_2:0:0_36/1	Macaca mulatta
rhesus_1_212_1:0:0_0:0:0_99/1	Macaca mulatta
human_1_219_0:0:0_0:0:0_52d/1	Homo sapiens
human_1_219_0:0:0_0:0:0_4ef/1	Homo sapiens
human_1_219_1:0:0_0:0:0_48c/1	Homo sapiens
human_1_219_0:0:0_0:0:0_4bc/1	Homo sapiens
human_1_219_0:0:0_1:0:0_15e/1	Homo sapiens
rhesus_1_212_0:0:0_2:0:0_1cb/1	Macaca mulatta
cynomolgus_1_212_2:0:0_0:0:0_4b/1	Macaca fascicularis
human_1_219_0:0:0_0:0:0_2b7/1	Homo sapiens
rhesus_1_212_0:0:0_0:0:0_1ba/1	Macaca mulatta
human_1_219_0:0:0_0:0:0_29/1	Homo sapiens
human_1_219_1:0:0_1:0:0_3f1/1	Homo sapiens
human_1_219_2:0:0_0:0:0_4c6/1	Homo sapiens
cynomolgus_1_212_0:0:0_0:0:0_43/1	Macaca fascicularis
human_1_219_0:0:0_0:0:0_53/1	Homo sapiens
human_1_219_0:0:0_0:0:0_5f/1	Homo sapiens
rhesus_1_212_0:0:0_0:0:0_6d/1	Macaca mulatta
human_1_219_0:0:0_0:0:0_383/1	Homo sapiens
human_1_219_0:0:0_0:0:0_11d/1	Homo sapiens
human_1_219_0:0:0_0:0:0_28a/1	Homo sapiens
rhesus_1_212_0:0:0_0:0:0_153/1	Macaca mulatta
human_1_219_0:0:0_1:0:0_298/1	Homo sapiens
human_1_219_2:0:0_0:0:0_23d/1	Homo sapiens
rhesus_1_212_1:0:0_1:0:0_183/1	Macaca mulatta
rhesus_1_212_0:0:0_0:0:0_1b2/1	Macaca mulatta
human_1_219_1:0:0_0:0:0_565/1	Homo sapiens
human_1_219_0:0:0_1:0:0_567/1	Homo sapiens
human_1_219_0:0:0_0:0:0_382/1	Homo sapiens
human_1_219_0:0:0_0:0:0_126/1	Homo sapiens
human_1_219_0:0:0_2:0:0_399/1	Homo sapiens
rhesus_1_212_0:0:0_0:0:0_1e4/1	Macaca mulatta
human_1_219_1:0:0_0:0:0_105/1	Homo sapiens
rhesus_1_212_2:0:0_1:0:0_c0/1	Macaca mulatta
rhesus_1_212_1:0:0_0:0:0_a7/1	Macaca mulatta
human_1_219_1:0:0_0:0:0_2b5/1	Homo sapiens
human_1_219_0:0:0_1:0:0_24f/1	Homo sapiens
human_1_219_0:0:0_0:0:0_1c3/1	Homo sapiens
human_1_219_0:0:0_0:0:0_34b/1	Homo sapiens
cynomolgus_1_212_1:0:0_1:0:0_5f/1	Macaca fascicularis
human_1_219_0:0:0_0:0:0_4d5/1	Homo sapiens
human_1_219_1:0:0_0:0:0_2d3/1	Homo sapiens
human_1_219_0:0:0_0:0:0_440/1	Homo sapiens
cynomolgus_1_212_0:0:0_0:0:0_5/1	Macaca fascicularis
human_1_219_0:0:0_0:0:0_129/1	Homo sapiens
human_1_219_0:0:0_1:0:0_412/1	Homo sapiens
human_1_219_0:0:0_1:0:0_160/1	Homo sapiens
rhesus_1_212_0:0:0_0:0:0_fe/1	Macaca mulatta
rhesus_1_212_0:0:0_0:0:0_b6/1	Macaca mulatta
human_1_219_0:0:0_0:0:0_242/1	Homo sapiens
human_1_219_1:0:0_0:0:0_2b0/1	Homo sapiens
human_1_219_0:0:0_1:0:0_3aa/1	Homo sapiens
human_1_219_1:0:0_0:0:0_283/1	Homo sapiens
human_1_219_1:0:0_0:0:0_4f1/1	Homo sapiens
rhesus_1_212_1:0:0_0:0:0_66/1	Macaca mulatta
rhesus_1_212_1:0:0_0:0:0_b2/1	Macaca mulatta
rhesus_1_212_0:0:0_0:0:0_3a/1	Macaca mulatta
human_1_219_2:0:0_0:0:0_181/1	Homo sapiens
rhesus_1_212_0:0:0_1:0:0_fd/1	Macaca mulatta
rhesus_1_212_0:0:0_0:0:0_a8/1	Macaca mulatta
human_1_219_0:0:0_1:0:0_398/1	Homo sapiens
rhesus_1_212_0:0:0_1:0:0_df/1	Macaca mulatta
human_1_219_1:0:0_0:0:0_289/1	Homo sapiens
human_1_219_1:0:0_0:0:0_67/1	Homo sapiens
human_1_219_0:0:0_1:0:0_4da/1	Homo sapiens
human_1_219_0:0:0_0:0:0_27d/1	Homo sapiens
rhesus_1_212_0:0:0_1:0:0_11/1	Macaca mulatta
human_1_219_0:0:0_2:0:0_12e/1	Homo sapiens
human_1_219_0:0:0_1:0:0_37/1	Homo sapiens
human_1_219_0:0:0_1:0:0_549/1	Homo sapiens
rhesus_1_212_1:0:0_1:0:0_1b7/1	Macaca mulatta
human_1_219_0:0:0_0:0:0_47c/1	Homo sapiens
human_1_219_0:0:0_0:0:0_4f8/1	Homo sapiens
human_1_219_1:0:0_0:0:0_39/1	Homo sapiens
rhesus_1_212_1:0:0_0:0:0_6e/1	Macaca mulatta
human_1_219_1:0:0_0:0:0_3eb/1	Homo sapiens
human_1_219_0:0:0_0:0:0_97/1	Homo sapiens
rhesus_1_212_1:0:0_1:0:0_90/1	Macaca mulatta
human_1_219_0:0:0_0:0:0_340/1	Homo sapiens
human_1_219_0:0:0_0:0:0_185/1	Homo sapiens
human_1_219_1:0:0_1:0:0_11f/1	Homo sapiens
human_1_219_2:0:0_1:0:0_3b8/1	Homo sapiens
cynomolgus_1_212_0:0:0_0:0:0_1/1	Macaca fascicularis
human_1_219_0:0:0_0:0:0_306/1	Homo sapiens
human_1_219_0:0:0_1:0:0_224/1	Homo sapiens
human_1_219_1:0:0_0:0:0_304/1	Homo sapiens
human_1_219_2:0:0_0:0:0_413/1	Homo sapiens
human_1_219_0:0:0_0:0:0_1a2/1	Homo sapiens
human_1_219_0:0:0_1:0:0_21a/1	Homo sapiens
rhesus_1_212_0:0:0_0:0:0_191/1	Macaca mulatta
human_1_219_0:0:0_0:0:0_3fe/1	Homo sapiens
human_1_219_1:0:0_0:0:0_497/1	Homo sapiens
human_1_219_1:0:0_1:0:0_4f3/1	Homo sapiens
human_1_219_0:0:0_1:0:0_251/1	Homo sapiens
human_1_219_1:0:0_0:0:0_315/1	Homo sapiens
rhesus_1_212_0:0:0_0:0:0_9c/1	Macaca mulatta
human_1_219_1:0:0_0:0:0_de/1	Homo sapiens
human_1_219_0:0:0_0:0:0_2ff/1	Homo sapiens
human_1_219_1:0:0_1:0:0_38f/1	Homo sapiens
human_1_219_0:0:0_0:0:0_183/1	Homo sapiens
human_1_219_2:0:0_1:0:0_4e/1	Homo sapiens
