# Files for video B01 stored in the LGE LabKey folders (docs/development/large-files.md). public URLs need no sign-in; internal URLs need a signed-in member. Verify with shasum -a 256.
area	remote_path	bytes	sha256	note	url
internal	screencasts/B01-first-project/takes/demo.log	194	d8ca69b2454350ff962020e1b2989b99a7829602358fcdeed496f6875d873f81	take notes	https://dholk.primate.wisc.edu/_webdav/dho/public/lge/internal/%40files/screencasts/B01-first-project/takes/demo.log
internal	screencasts/B01-first-project/takes/demo.mov	1127404697	23c07bae4a9a468e34d9fec069562bb53c16c08773240f695e9b252f301ef23f	raw take, Lungfish Preview 2026.9.75	https://dholk.primate.wisc.edu/_webdav/dho/public/lge/internal/%40files/screencasts/B01-first-project/takes/demo.mov
internal	screencasts/B01-first-project/takes/operations.log	200	12935c09ec0e55a59b72b42d128b732759080da98f8de1b6675e5a4224a35e07	take notes	https://dholk.primate.wisc.edu/_webdav/dho/public/lge/internal/%40files/screencasts/B01-first-project/takes/operations.log
internal	screencasts/B01-first-project/takes/operations.mov	892489625	6342e75ddb5f5f5b4a84caf6616b9c6ed989861d98e228f53df9b66f27918656	raw take, Lungfish Preview 2026.9.75	https://dholk.primate.wisc.edu/_webdav/dho/public/lge/internal/%40files/screencasts/B01-first-project/takes/operations.mov
internal	screencasts/B01-first-project/takes/project.log	198	2f91109d8cbccdac9d25b07355e391d448e1abf42c789f752e2595158bcf9791	take notes	https://dholk.primate.wisc.edu/_webdav/dho/public/lge/internal/%40files/screencasts/B01-first-project/takes/project.log
internal	screencasts/B01-first-project/takes/project.marks	30	8eb03ed1648a4ba763df9363f9b1cf79b0cad9449c9639061f49c89d77f6bf61	take notes	https://dholk.primate.wisc.edu/_webdav/dho/public/lge/internal/%40files/screencasts/B01-first-project/takes/project.marks
internal	screencasts/B01-first-project/takes/project.mov	2663370361	9d82c04d57c0b0ee0917efa5392f367a434ab33cf9bd8df0d34abbbd6bcfd715	raw take, Lungfish Preview 2026.9.75	https://dholk.primate.wisc.edu/_webdav/dho/public/lge/internal/%40files/screencasts/B01-first-project/takes/project.mov
internal	screencasts/B01-first-project/takes/project.t0	11	c9c715b06126fba16e67347235ba1975827c09e131426634ee3b3182087e3e8e	take notes	https://dholk.primate.wisc.edu/_webdav/dho/public/lge/internal/%40files/screencasts/B01-first-project/takes/project.t0
internal	screencasts/B01-first-project/takes/results.log	198	2b4cb80aa5804b7e4ffe7d59c9664af06f78c1f0a097cb57f4d5c434018c70a4	take notes	https://dholk.primate.wisc.edu/_webdav/dho/public/lge/internal/%40files/screencasts/B01-first-project/takes/results.log
internal	screencasts/B01-first-project/takes/results.mov	1676067001	773934986d6831b191f2ad81b9d4a16ef9b9549dea0b1a57a04b8f96a64c1101	raw take, Lungfish Preview 2026.9.75	https://dholk.primate.wisc.edu/_webdav/dho/public/lge/internal/%40files/screencasts/B01-first-project/takes/results.mov
internal	screencasts/B01-first-project/takes/results.t0	11	75a8a41863a475cd3670b8d99da47d7bd69384afcba6d11407814b9c6a4ce7f6	take notes	https://dholk.primate.wisc.edu/_webdav/dho/public/lge/internal/%40files/screencasts/B01-first-project/takes/results.t0
