# Files for video 01 stored in the LGE LabKey folders (docs/development/large-files.md). public URLs need no sign-in; internal URLs need a signed-in member. Verify with shasum -a 256.
area	remote_path	bytes	sha256	note	url
public	screencasts/01-lge-overview/renders/01-lge-overview.mp4	11809881	b6cc83c83cba89dd2c63d6fb798dcfccfd56587d8fc872e897261e7719dfe14a	current cut (zoom and highlight pass 2026-10-01), Lungfish Preview 2026.9.74	https://dholk.primate.wisc.edu/_webdav/dho/public/lge/%40files/screencasts/01-lge-overview/renders/01-lge-overview.mp4
public	screencasts/01-lge-overview/renders/01-lge-overview-poster.png	78742	0d40143aa6dc8664600385239d9239dbbe2cd01211af80c7d3a6f6079dc715df	current cut (zoom and highlight pass 2026-10-01), Lungfish Preview 2026.9.74	https://dholk.primate.wisc.edu/_webdav/dho/public/lge/%40files/screencasts/01-lge-overview/renders/01-lge-overview-poster.png
internal	screencasts/01-lge-overview/takes-v1/folder.mov	167092329	b8f77ce36821288125b4072fdf4a2dc6e21f2a24f65df904184a97e390416961	raw window take (takes-v1), shows personal paths	https://dholk.primate.wisc.edu/_webdav/dho/public/lge/internal/%40files/screencasts/01-lge-overview/takes-v1/folder.mov
internal	screencasts/01-lge-overview/takes-v1/provenance.mov	487799001	a972b65fb87e4117e5fa48d253cc9b76328e1e31c10aa65c0038f0141e3b6de1	raw window take (takes-v1), shows personal paths	https://dholk.primate.wisc.edu/_webdav/dho/public/lge/internal/%40files/screencasts/01-lge-overview/takes-v1/provenance.mov
internal	screencasts/01-lge-overview/takes-v1/viewer.mov	1014950417	ce6164f47df1d8e7f084705c268bed52a496eb414fe12457fe7a0ec252d465b6	raw window take (takes-v1), shows personal paths	https://dholk.primate.wisc.edu/_webdav/dho/public/lge/internal/%40files/screencasts/01-lge-overview/takes-v1/viewer.mov
internal	screencasts/01-lge-overview/takes-v2/demo.mov	518070401	6fbbbaea36a08ba1ba7cfb3a3db682621896502862d212a5a20130085034343f	raw window take (takes-v2), shows personal paths	https://dholk.primate.wisc.edu/_webdav/dho/public/lge/internal/%40files/screencasts/01-lge-overview/takes-v2/demo.mov
internal	screencasts/01-lge-overview/takes-v2/disk.mov	930363433	4c87fa4b4e498694bfddf58d9f9f891e70ff9af3448d17d30b3e5b51c9092446	raw window take (takes-v2), shows personal paths	https://dholk.primate.wisc.edu/_webdav/dho/public/lge/internal/%40files/screencasts/01-lge-overview/takes-v2/disk.mov
internal	screencasts/01-lge-overview/takes-v2/export.mov	1153719961	c76d9b2aaec00d1c9a3980b3a7493d1d9339a66a781fea23fdcf39310adddd5f	raw window take (takes-v2), shows personal paths	https://dholk.primate.wisc.edu/_webdav/dho/public/lge/internal/%40files/screencasts/01-lge-overview/takes-v2/export.mov
internal	screencasts/01-lge-overview/takes-v2/exports.mov	1050480741	cc73ab641ce780ecd14ccee8820dc3e4f4f22365e34469458692d607ef6ee338	raw window take (takes-v2), shows personal paths	https://dholk.primate.wisc.edu/_webdav/dho/public/lge/internal/%40files/screencasts/01-lge-overview/takes-v2/exports.mov
internal	screencasts/01-lge-overview/takes-v2/files.mov	619877249	350a7fd380361c31e95d0209b635e31ac29feb21a3b962d4b82175e9141df664	raw window take (takes-v2), shows personal paths	https://dholk.primate.wisc.edu/_webdav/dho/public/lge/internal/%40files/screencasts/01-lge-overview/takes-v2/files.mov
internal	screencasts/01-lge-overview/takes-v2/pipeline.mov	753382257	01b2498cad9ded32d439b57403e47af6705f627f478524d6e162cbf63900a6d2	raw window take (takes-v2), shows personal paths	https://dholk.primate.wisc.edu/_webdav/dho/public/lge/internal/%40files/screencasts/01-lge-overview/takes-v2/pipeline.mov
internal	screencasts/01-lge-overview/takes-v2/provenance.mov	754633785	6cfc1189439785a00e6458cdee9019a61deb46de1d3d737234ac0a23724cda0e	raw window take (takes-v2), shows personal paths	https://dholk.primate.wisc.edu/_webdav/dho/public/lge/internal/%40files/screencasts/01-lge-overview/takes-v2/provenance.mov
internal	screencasts/01-lge-overview/takes-v2/sra.mov	345720045	7b9bac7c779db57a59e36f0f4fd95e7b7f3d8b94a7c08daec5e83b0d3083feeb	raw window take (takes-v2), shows personal paths	https://dholk.primate.wisc.edu/_webdav/dho/public/lge/internal/%40files/screencasts/01-lge-overview/takes-v2/sra.mov
internal	screencasts/01-lge-overview/takes-v2/viewer.mov	806186145	78fdc50e9ca63cf316a6e7babfc2a0fd10cad0ecffe93d5340abaad839772559	raw window take (takes-v2), shows personal paths	https://dholk.primate.wisc.edu/_webdav/dho/public/lge/internal/%40files/screencasts/01-lge-overview/takes-v2/viewer.mov
internal	screencasts/01-lge-overview/takes-v2/methods.mov	634848937	204d22b500b4adbd6c42a75818740a986528bbe50fd7c12674763af696c92b7c	raw window take (takes-v2), dedicated export beat	https://dholk.primate.wisc.edu/_webdav/dho/public/lge/internal/%40files/screencasts/01-lge-overview/takes-v2/methods.mov
internal	screencasts/01-lge-overview/takes-v2/nextflow.mov	290402961	4e805319478a890f304ebbdb78498fcd8f2aa1af2087dc028175f640ff60cfe2	raw window take (takes-v2), dedicated export beat	https://dholk.primate.wisc.edu/_webdav/dho/public/lge/internal/%40files/screencasts/01-lge-overview/takes-v2/nextflow.mov
internal	screencasts/01-lge-overview/takes-v2/snakemake.mov	447831641	401c4d8336bcc344f9bcae93a6b3a736db2f1b2e138004b9af9c55930632df77	raw window take (takes-v2), dedicated export beat	https://dholk.primate.wisc.edu/_webdav/dho/public/lge/internal/%40files/screencasts/01-lge-overview/takes-v2/snakemake.mov
